date,thursday1,friday1,monday2,thursday2,friday2,monday3,thuesday3,Occupancy
2015-02-05 00:00:00,21.245,20.2,19.5,20.6,21.05,20.26,20.2,0
2015-02-05 00:01:00,21.245,20.2,19.5,20.55,21.0,20.2,20.15,0
2015-02-05 00:02:00,21.26,20.2,19.5,20.6,21.0,20.29,20.1,0
2015-02-05 00:03:00,21.245,20.2,19.5,20.6,21.0,20.25,20.1,0
2015-02-05 00:04:00,21.245,20.2,19.5,20.6,21.0,20.29,20.1,0
2015-02-05 00:04:59,21.29,20.2,19.5,20.55,21.0,20.29,20.1,0
2015-02-05 00:06:00,21.245,20.2,19.5,20.6,21.0,20.29,20.1,0
2015-02-05 00:07:00,21.29,20.2,19.5,20.6,21.0,20.29,20.1,0
2015-02-05 00:08:00,21.29,20.2,19.5,20.6,21.0,20.26,20.1,0
2015-02-05 00:08:59,21.29,20.2,19.5,20.6,21.0,20.29,20.15,0
2015-02-05 00:10:00,21.29,20.2,19.5,20.6,21.0,20.29,20.1,0
2015-02-05 00:10:59,21.29,20.2,19.5,20.6,21.0,20.29,20.2,0
2015-02-05 00:11:59,21.29,20.1666666666667,19.5,20.6,21.0,20.29,20.2,0
2015-02-05 00:13:00,21.29,20.15,19.5,20.55,21.0,20.25,20.2,0
2015-02-05 00:14:00,21.29,20.2,19.5,20.6,21.0,20.25,20.2,0
2015-02-05 00:15:00,21.29,20.15,19.5,20.6,21.0,20.29,20.2,0
2015-02-05 00:16:00,21.29,20.15,19.5,20.6,21.0,20.29,20.2,0
2015-02-05 00:16:59,21.29,20.2,19.5,20.6,21.0,20.29,20.2,0
2015-02-05 00:17:59,21.29,20.15,19.5,20.6,21.05,20.29,20.2,0
2015-02-05 00:19:00,21.29,20.2,19.5,20.6,21.0,20.29,20.2,0
2015-02-05 00:20:00,21.29,20.15,19.5,20.6,21.0,20.29,20.2,0
2015-02-05 00:21:00,21.29,20.1,19.5,20.57,21.0,20.29,20.2,0
2015-02-05 00:22:00,21.29,20.2,19.5,20.57,21.0,20.29,20.2,0
2015-02-05 00:23:00,21.29,20.1,19.5,20.6,21.0,20.29,20.2,0
2015-02-05 00:23:59,21.29,20.1,19.5,20.6,21.0,20.29,20.2,0
2015-02-05 00:24:59,21.29,20.1,19.5,20.6,21.0,20.25,20.2,0
2015-02-05 00:26:00,21.29,20.1,19.5,20.55,21.0,20.29,20.2,0
2015-02-05 00:27:00,21.29,20.1,19.5,20.6,21.0,20.29,20.2,0
2015-02-05 00:28:00,21.2,20.1,19.5,20.6,21.0,20.26,20.2,0
2015-02-05 00:29:00,21.2,20.1,19.5,20.6,21.0,20.2,20.2,0
2015-02-05 00:29:59,21.2,20.1,19.5,20.6,21.0,20.27,20.2,0
2015-02-05 00:30:59,21.2,20.1,19.5,20.6,21.0,20.26,20.2,0
2015-02-05 00:32:00,21.2,20.1,19.426666666666698,20.6,21.0,20.29,20.2,0
2015-02-05 00:33:00,21.2,20.1,19.39,20.6,21.0,20.29,20.17,0
2015-02-05 00:34:00,21.2,20.1,19.445,20.6,21.0,20.29,20.2,0
2015-02-05 00:35:00,21.2,20.1,19.445,20.6,21.0,20.29,20.2,0
2015-02-05 00:36:00,21.2,20.1,19.39,20.6,21.0,20.25,20.2,0
2015-02-05 00:36:59,21.2,20.1,19.445,20.6,21.0,20.29,20.2,0
2015-02-05 00:38:00,21.1666666666667,20.1666666666667,19.39,20.6,21.0,20.29,20.2,0
2015-02-05 00:39:00,21.1666666666667,20.2,19.39,20.6,21.0,20.29,20.2,0
2015-02-05 00:40:00,21.15,20.2,19.39,20.6,21.0,20.29,20.17,0
2015-02-05 00:40:59,21.1,20.2,19.39,20.6,21.0,20.29,20.2,0
2015-02-05 00:42:00,21.15,20.2,19.39,20.6,21.0,20.29,20.2,0
2015-02-05 00:42:59,21.1,20.2,19.39,20.6,21.0,20.29,20.2,0
2015-02-05 00:43:59,21.1,20.2,19.39,20.6,21.0,20.29,20.2,0
2015-02-05 00:45:00,21.1,20.2,19.39,20.67,21.0,20.29,20.29,0
2015-02-05 00:46:00,21.1,20.2,19.39,20.65,21.0,20.29,20.2,0
2015-02-05 00:47:00,21.1,20.245,19.39,20.7,21.0,20.34,20.2,0
2015-02-05 00:48:00,21.05,20.245,19.39,20.7,21.0,20.29,20.2,0
2015-02-05 00:49:00,21.1,20.29,19.39,20.65,21.0,20.29,20.2,0
2015-02-05 00:49:59,21.05,20.29,19.39,20.6,21.0,20.29,20.2,0
2015-02-05 00:51:00,21.05,20.29,19.39,20.6,21.0,20.29,20.2,0
2015-02-05 00:52:00,21.1,20.29,19.39,20.6,21.0,20.29,20.1,0
2015-02-05 00:53:00,21.0,20.29,19.39,20.6,21.0,20.29,20.1,0
2015-02-05 00:53:59,21.1,20.29,19.39,20.6,21.0,20.29,20.1,0
2015-02-05 00:55:00,21.1,20.29,19.39,20.65,21.0,20.29,20.1,0
2015-02-05 00:55:59,21.1,20.29,19.39,20.6,21.0,20.29,20.1,0
2015-02-05 00:56:59,21.1,20.29,19.39,20.65,21.0,20.29,20.12,0
2015-02-05 00:58:00,21.1,20.356666666666698,19.39,20.67,21.0,20.29,20.13,0
2015-02-05 00:59:00,21.1,20.29,19.39,20.65,21.0,20.29,20.1,0
2015-02-05 01:00:00,21.1,20.29,19.39,20.6,21.0,20.29,20.1,0
2015-02-05 01:01:00,21.1,20.29,19.39,20.6,21.0,20.29,20.1,0
2015-02-05 01:01:59,21.05,20.29,19.5,20.6,21.0,20.29,20.1,0
2015-02-05 01:02:59,21.1,20.29,19.39,20.6,21.0,20.29,20.1,0
2015-02-05 01:04:00,21.1,20.29,19.39,20.6,21.0,20.29,20.05,0
2015-02-05 01:05:00,21.1,20.29,19.39,20.6,21.0,20.29,20.0,0
2015-02-05 01:06:00,21.1,20.29,19.39,20.6,21.0,20.29,20.0,0
2015-02-05 01:07:00,21.15,20.29,19.39,20.6,21.0,20.29,20.0,0
2015-02-05 01:08:00,21.1,20.26,19.39,20.6,21.0,20.29,20.0,0
2015-02-05 01:08:59,21.125,20.29,19.39,20.6,21.0,20.29,20.0,0
2015-02-05 01:09:59,21.1333333333333,20.29,19.39,20.6,21.0,20.29,20.0,0
2015-02-05 01:11:00,21.1,20.29,19.39,20.6,21.0,20.29,20.05,0
2015-02-05 01:12:00,21.1,20.29,19.39,20.6,21.0,20.2,20.03,0
2015-02-05 01:13:00,21.15,20.245,19.39,20.6,21.0,20.25,20.0,0
2015-02-05 01:14:00,21.2,20.29,19.39,20.6,21.0,20.26,20.0,0
2015-02-05 01:14:59,21.15,20.23,19.39,20.6,21.0,20.29,20.0,0
2015-02-05 01:15:59,21.15,20.245,19.5,20.6,21.0,20.29,20.0,0
2015-02-05 01:17:00,21.2,20.2,19.463333333333303,20.6,21.0,20.29,20.0,0
2015-02-05 01:18:00,21.2,20.29,19.39,20.6,21.0,20.29,20.0,0
2015-02-05 01:19:00,21.2,20.2,19.445,20.7,21.0,20.29,20.0,0
2015-02-05 01:20:00,21.1333333333333,20.23,19.39,20.6,21.0,20.29,20.0,0
2015-02-05 01:21:00,21.1666666666667,20.245,19.463333333333303,20.6,21.0,20.25,20.0,0
2015-02-05 01:21:59,21.2,20.29,19.5,20.6,21.0,20.29,20.0,0
2015-02-05 01:23:00,21.2,20.26,19.39,20.6,21.0,20.29,20.0,0
2015-02-05 01:24:00,21.2,20.29,19.463333333333303,20.6,21.0,20.29,20.0,0
2015-02-05 01:25:00,21.2,20.29,19.39,20.55,21.0,20.29,20.0,0
2015-02-05 01:25:59,21.2,20.29,19.5,20.6,21.0,20.29,20.0,0
2015-02-05 01:27:00,21.2,20.29,19.39,20.6,21.0,20.29,20.0,0
2015-02-05 01:27:59,21.2,20.323333333333302,19.445,20.6,21.0,20.25,20.0,0
2015-02-05 01:28:59,21.2,20.39,19.5,20.6,21.0,20.29,20.0,0
2015-02-05 01:30:00,21.2,20.39,19.463333333333303,20.6,21.1,20.23,20.0,0
2015-02-05 01:31:00,21.2,20.39,19.445,20.7,21.0,20.29,20.0,0
2015-02-05 01:32:00,21.2,20.39,19.445,20.7,21.0,20.29,20.0,0
2015-02-05 01:33:00,21.2,20.39,19.445,20.67,21.0,20.29,20.0,0
2015-02-05 01:34:00,21.2,20.39,19.5,20.6,21.0,20.29,20.05,0
2015-02-05 01:34:59,21.2,20.39,19.445,20.7,21.0,20.29,20.0,0
2015-02-05 01:36:00,21.2,20.39,19.39,20.6,21.0,20.29,20.0,0
2015-02-05 01:37:00,21.2,20.39,19.39,20.6,21.0,20.29,20.0,0
2015-02-05 01:38:00,21.2,20.34,19.39,20.6,21.0,20.29,20.0,0
2015-02-05 01:38:59,21.2,20.39,19.39,20.6,21.0,20.34,20.0,0
2015-02-05 01:40:00,21.2,20.39,19.39,20.6,21.1,20.29,20.0,0
2015-02-05 01:40:59,21.2,20.39,19.39,20.6,21.0,20.29,20.0,0
2015-02-05 01:41:59,21.2,20.39,19.39,20.6,21.0,20.29,20.1,0
2015-02-05 01:43:00,21.2,20.39,19.39,20.6,21.0,20.29,20.1,0
2015-02-05 01:44:00,21.2,20.5,19.39,20.6,21.0,20.29,20.0,0
2015-02-05 01:45:00,21.2,20.426666666666698,19.39,20.6,21.0,20.34,20.0,0
2015-02-05 01:46:00,21.2,20.5,19.39,20.6,21.0,20.39,20.1,0
2015-02-05 01:46:59,21.2,20.5,19.34,20.6,21.0,20.39,20.05,0
2015-02-05 01:47:59,21.2,20.5,19.34,20.6,21.0,20.29,20.0,0
2015-02-05 01:49:00,21.2,20.5,19.39,20.55,21.0,20.39,20.0,0
2015-02-05 01:50:00,21.2,20.5,19.29,20.5,21.0,20.36,20.0,0
2015-02-05 01:51:00,21.125,20.5,19.34,20.5,21.0,20.39,20.0,0
2015-02-05 01:52:00,21.1,20.5,19.356666666666698,20.5,21.0,20.39,20.0,0
2015-02-05 01:53:00,21.1,20.5,19.39,20.55,21.0,20.39,20.0,0
2015-02-05 01:53:59,21.1,20.5,19.39,20.5,21.0,20.39,20.0,0
2015-02-05 01:54:59,21.1,20.5,19.39,20.5,21.0,20.39,20.0,0
2015-02-05 01:56:00,21.1,20.5,19.39,20.6,21.0,20.39,20.0,0
2015-02-05 01:57:00,21.1,20.5,19.39,20.55,21.0,20.39,20.0,0
2015-02-05 01:58:00,21.05,20.55,19.39,20.6,21.0,20.39,20.0,0
2015-02-05 01:59:00,21.1,20.5,19.39,20.6,21.03,20.39,20.0,0
2015-02-05 01:59:59,21.1,20.5,19.39,20.6,21.0,20.39,20.0,0
2015-02-05 02:00:59,21.0,20.5,19.39,20.6,21.0,20.39,20.0,0
2015-02-05 02:02:00,21.0,20.5,19.39,20.6,21.0,20.39,20.0,0
2015-02-05 02:03:00,21.0,20.6,19.39,20.6,21.0,20.39,20.0,0
2015-02-05 02:04:00,21.0,20.5,19.39,20.6,21.0,20.39,20.0,0
2015-02-05 02:05:00,21.0,20.6,19.39,20.6,21.0,20.39,20.0,0
2015-02-05 02:06:00,21.0,20.5,19.39,20.6,21.0,20.39,20.0,0
2015-02-05 02:06:59,21.0,20.5,19.39,20.6,21.0,20.39,20.0,0
2015-02-05 02:08:00,21.0,20.55,19.39,20.7,21.0,20.39,20.0,0
2015-02-05 02:09:00,21.0,20.55,19.445,20.6,21.0,20.39,19.95,0
2015-02-05 02:10:00,21.0,20.5,19.39,20.5,21.0,20.39,20.0,0
2015-02-05 02:10:59,21.0,20.55,19.39,20.6,21.0,20.39,20.0,0
2015-02-05 02:12:00,21.0,20.6,19.39,20.6,21.0,20.39,20.0,0
2015-02-05 02:12:59,21.0,20.6,19.39,20.6,21.0,20.39,19.89,0
2015-02-05 02:13:59,21.0,20.6,19.39,20.6,20.95,20.39,19.89,0
2015-02-05 02:15:00,21.0,20.5,19.39,20.6,21.0,20.39,19.89,0
2015-02-05 02:16:00,21.0,20.5,19.39,20.6,21.0,20.39,19.89,0
2015-02-05 02:17:00,21.0,20.6,19.39,20.57,21.0,20.39,19.89,0
2015-02-05 02:18:00,21.0,20.6,19.39,20.6,21.0,20.39,19.89,0
2015-02-05 02:19:00,21.0,20.5666666666667,19.39,20.6,21.0,20.39,19.89,0
2015-02-05 02:19:59,21.0,20.5666666666667,19.39,20.6,20.96,20.39,20.0,0
2015-02-05 02:21:00,21.0,20.5666666666667,19.39,20.6,21.0,20.39,19.89,0
2015-02-05 02:22:00,21.0,20.6,19.39,20.6,20.96,20.39,19.96,0
2015-02-05 02:23:00,21.0,20.6,19.39,20.6,21.0,20.39,19.89,0
2015-02-05 02:23:59,21.0,20.6,19.39,20.6,20.93,20.39,19.95,0
2015-02-05 02:25:00,21.0,20.6,19.39,20.6,21.0,20.39,19.95,0
2015-02-05 02:25:59,21.05,20.6,19.39,20.6,21.0,20.39,19.89,0
2015-02-05 02:26:59,21.05,20.5,19.39,20.6,21.0,20.39,19.95,0
2015-02-05 02:28:00,21.0,20.6,19.39,20.6,21.0,20.39,20.0,0
2015-02-05 02:29:00,21.033333333333303,20.55,19.39,20.6,21.0,20.39,19.93,0
2015-02-05 02:30:00,21.05,20.55,19.39,20.6,20.96,20.39,19.89,0
2015-02-05 02:31:00,21.05,20.6,19.39,20.6,20.95,20.39,19.89,0
2015-02-05 02:31:59,21.1,20.5,19.39,20.6,21.0,20.39,19.95,0
2015-02-05 02:32:59,21.05,20.5,19.39,20.6,21.0,20.39,19.95,0
2015-02-05 02:34:00,21.0,20.55,19.39,20.6,21.0,20.39,20.0,0
2015-02-05 02:35:00,21.1,20.6,19.39,20.6,20.96,20.39,20.0,0
2015-02-05 02:36:00,21.1,20.6,19.39,20.6,21.0,20.39,20.0,0
2015-02-05 02:37:00,21.033333333333303,20.6,19.39,20.57,21.0,20.39,20.0,0
2015-02-05 02:38:00,21.075,20.6,19.39,20.6,21.0,20.39,20.0,0
2015-02-05 02:38:59,21.033333333333303,20.5,19.39,20.6,20.89,20.39,20.0,0
2015-02-05 02:39:59,21.1,20.5,19.39,20.6,21.0,20.39,20.0,0
2015-02-05 02:41:00,21.1,20.463333333333303,19.39,20.6,20.95,20.39,19.89,0
2015-02-05 02:42:00,21.1,20.5,19.39,20.5,20.95,20.39,20.0,0
2015-02-05 02:43:00,21.1,20.5,19.39,20.6,20.89,20.39,20.0,0
2015-02-05 02:44:00,21.1,20.5,19.39,20.6,20.89,20.34,20.0,0
2015-02-05 02:44:59,21.1,20.5,19.39,20.6,20.89,20.34,20.0,0
2015-02-05 02:45:59,21.05,20.39,19.39,20.6,20.89,20.36,19.95,0
2015-02-05 02:47:00,21.1,20.426666666666698,19.39,20.6,20.89,20.39,19.95,0
2015-02-05 02:48:00,21.05,20.5,19.445,20.6,20.89,20.39,20.0,0
2015-02-05 02:49:00,21.0666666666667,20.5,19.39,20.6,21.0,20.39,20.0,0
2015-02-05 02:50:00,21.1,20.5,19.39,20.6,21.0,20.39,20.0,0
2015-02-05 02:51:00,21.033333333333303,20.445,19.39,20.6,20.89,20.29,19.89,0
2015-02-05 02:51:59,21.025,20.39,19.39,20.6,20.89,20.36,19.95,0
2015-02-05 02:53:00,21.0,20.39,19.463333333333303,20.55,20.89,20.34,19.89,0
2015-02-05 02:54:00,21.0,20.39,19.445,20.6,20.95,20.34,19.89,0
2015-02-05 02:55:00,21.0,20.5,19.39,20.6,20.89,20.39,19.89,0
2015-02-05 02:55:59,21.0,20.5,19.5,20.6,20.95,20.39,19.89,0
2015-02-05 02:57:00,21.0,20.5,19.5,20.6,20.89,20.39,19.89,0
2015-02-05 02:57:59,21.0,20.5,19.426666666666698,20.6,20.89,20.39,19.89,0
2015-02-05 02:58:59,21.0,20.533333333333303,19.39,20.6,20.89,20.39,19.89,0
2015-02-05 03:00:00,21.0,20.525,19.445,20.6,20.89,20.39,19.95,0
2015-02-05 03:01:00,21.0,20.5,19.39,20.6,20.89,20.39,19.89,0
2015-02-05 03:02:00,21.0,20.5,19.39,20.6,20.92,20.39,19.95,0
2015-02-05 03:03:00,21.0,20.533333333333303,19.39,20.6,20.89,20.39,20.0,0
2015-02-05 03:04:00,21.0,20.5,19.39,20.7,20.89,20.39,20.0,0
2015-02-05 03:04:59,21.0,20.5,19.39,20.6,20.89,20.39,20.0,0
2015-02-05 03:06:00,20.945,20.5,19.39,20.6,20.89,20.39,20.0,0
2015-02-05 03:07:00,20.963333333333303,20.5,19.39,20.6,20.96,20.39,20.05,0
2015-02-05 03:08:00,20.89,20.5,19.39,20.6,20.95,20.39,20.1,0
2015-02-05 03:08:59,20.926666666666698,20.533333333333303,19.39,20.6,20.95,20.39,20.0,0
2015-02-05 03:10:00,21.0,20.525,19.39,20.6,21.0,20.39,20.1,0
2015-02-05 03:10:59,20.89,20.5,19.39,20.6,21.0,20.39,20.1,0
2015-02-05 03:11:59,20.89,20.5,19.39,20.6,20.89,20.39,20.1,0
2015-02-05 03:13:00,20.89,20.533333333333303,19.356666666666698,20.62,20.89,20.39,20.07,0
2015-02-05 03:14:00,20.89,20.55,19.356666666666698,20.6,20.93,20.39,20.0,0
2015-02-05 03:15:00,20.89,20.5,19.29,20.6,20.89,20.39,20.05,0
2015-02-05 03:16:00,20.89,20.55,19.29,20.63,20.93,20.39,20.0,0
2015-02-05 03:16:59,20.89,20.55,19.34,20.6,20.89,20.39,20.0,0
2015-02-05 03:17:59,20.89,20.5,19.29,20.6,20.89,20.5,20.0,0
2015-02-05 03:19:00,20.89,20.5,19.29,20.6,20.89,20.39,20.0,0
2015-02-05 03:20:00,20.89,20.6,19.29,20.6,20.89,20.39,20.0,0
2015-02-05 03:21:00,20.89,20.5,19.29,20.7,20.89,20.39,20.0,0
2015-02-05 03:22:00,20.926666666666698,20.533333333333303,19.29,20.7,20.84,20.39,19.95,0
2015-02-05 03:23:00,20.89,20.533333333333303,19.29,20.6,20.89,20.39,20.0,0
2015-02-05 03:23:59,20.89,20.6,19.29,20.6,20.89,20.39,20.05,0
2015-02-05 03:24:59,20.926666666666698,20.6,19.29,20.6,20.89,20.39,20.1,0
2015-02-05 03:26:00,20.945,20.5,19.34,20.6,20.89,20.45,20.1,0
2015-02-05 03:27:00,21.0,20.55,19.34,20.6,20.95,20.39,20.1,0
2015-02-05 03:28:00,21.0,20.55,19.34,20.6,20.89,20.39,20.1,0
2015-02-05 03:29:00,21.0,20.5,19.39,20.6,20.95,20.39,20.07,0
2015-02-05 03:29:59,21.0,20.6,19.34,20.6,21.0,20.39,20.0,0
2015-02-05 03:30:59,21.0,20.5,19.29,20.6,20.89,20.39,20.0,0
2015-02-05 03:32:00,21.0,20.55,19.39,20.6,20.89,20.39,20.0,0
2015-02-05 03:33:00,21.0,20.6,19.39,20.6,20.89,20.43,20.0,0
2015-02-05 03:34:00,21.0,20.55,19.39,20.6,20.89,20.39,20.0,0
2015-02-05 03:35:00,21.0,20.55,19.39,20.6,20.89,20.39,20.0,0
2015-02-05 03:36:00,21.0,20.5,19.39,20.6,20.89,20.39,20.03,0
2015-02-05 03:36:59,21.0,20.5,19.39,20.6,20.89,20.39,20.05,0
2015-02-05 03:38:00,21.0,20.5,19.39,20.6,20.89,20.39,20.0,0
2015-02-05 03:39:00,21.0,20.5,19.39,20.6,20.89,20.5,20.1,0
2015-02-05 03:40:00,21.0,20.5,19.39,20.6,20.89,20.39,20.1,0
2015-02-05 03:40:59,21.0,20.5,19.39,20.62,20.89,20.39,20.1,0
2015-02-05 03:42:00,21.0,20.5,19.39,20.65,20.89,20.39,20.1,0
2015-02-05 03:42:59,21.0,20.5,19.34,20.63,20.89,20.39,20.1,0
2015-02-05 03:43:59,21.0,20.445,19.34,20.7,20.89,20.39,20.2,0
2015-02-05 03:45:00,21.0,20.5,19.34,20.6,20.89,20.39,20.1,0
2015-02-05 03:46:00,21.0,20.5,19.39,20.7,20.89,20.39,20.13,0
2015-02-05 03:47:00,21.0,20.5,19.29,20.7,20.89,20.39,20.2,0
2015-02-05 03:48:00,21.0,20.5,19.39,20.7,20.93,20.39,20.2,0
2015-02-05 03:49:00,21.0,20.426666666666698,19.39,20.7,20.89,20.39,20.2,0
2015-02-05 03:49:59,21.0,20.39,19.39,20.7,20.95,20.39,20.2,0
2015-02-05 03:51:00,21.0,20.39,19.39,20.7,20.93,20.39,20.25,0
2015-02-05 03:52:00,21.0,20.39,19.39,20.6,20.89,20.39,20.2,0
2015-02-05 03:53:00,21.0,20.39,19.356666666666698,20.6,20.89,20.39,20.26,0
2015-02-05 03:53:59,21.0,20.39,19.39,20.6,20.89,20.39,20.25,0
2015-02-05 03:55:00,21.0,20.39,19.39,20.6,20.89,20.39,20.29,0
2015-02-05 03:55:59,21.0,20.39,19.34,20.63,21.0,20.39,20.25,0
2015-02-05 03:56:59,21.0,20.39,19.39,20.65,20.89,20.39,20.23,0
2015-02-05 03:58:00,21.0,20.39,19.39,20.65,20.89,20.39,20.25,0
2015-02-05 03:59:00,21.0,20.39,19.29,20.65,20.89,20.39,20.26,0
2015-02-05 04:00:00,21.0,20.445,19.34,20.7,20.89,20.39,20.2,0
2015-02-05 04:01:00,21.0,20.445,19.39,20.7,20.89,20.39,20.2,0
2015-02-05 04:01:59,21.0,20.5,19.34,20.6,20.89,20.39,20.29,0
2015-02-05 04:02:59,20.89,20.5,19.39,20.6,20.89,20.39,20.29,0
2015-02-05 04:04:00,20.945,20.5,19.356666666666698,20.6,20.89,20.39,20.29,0
2015-02-05 04:05:00,21.0,20.5,19.39,20.6,20.89,20.39,20.34,0
2015-02-05 04:06:00,20.89,20.5,19.39,20.6,20.89,20.39,20.39,0
2015-02-05 04:07:00,20.89,20.5,19.39,20.6,20.89,20.39,20.39,0
2015-02-05 04:08:00,20.89,20.5,19.39,20.6,20.89,20.39,20.39,0
2015-02-05 04:08:59,20.89,20.5,19.39,20.6,20.89,20.39,20.39,0
2015-02-05 04:09:59,20.89,20.5,19.39,20.6,20.89,20.39,20.34,0
2015-02-05 04:11:00,20.856666666666698,20.39,19.39,20.6,20.89,20.39,20.25,0
2015-02-05 04:12:00,20.89,20.39,19.39,20.6,20.89,20.39,20.2,0
2015-02-05 04:13:00,20.89,20.39,19.39,20.6,20.89,20.39,20.29,0
2015-02-05 04:14:00,20.89,20.39,19.29,20.6,20.89,20.39,20.29,0
2015-02-05 04:14:59,20.89,20.39,19.39,20.6,20.89,20.34,20.34,0
2015-02-05 04:15:59,20.89,20.39,19.39,20.6,20.89,20.39,20.39,0
2015-02-05 04:17:00,20.84,20.39,19.29,20.6,20.89,20.39,20.39,0
2015-02-05 04:18:00,20.89,20.39,19.29,20.6,20.89,20.39,20.39,0
2015-02-05 04:19:00,20.89,20.39,19.29,20.6,20.89,20.39,20.39,0
2015-02-05 04:20:00,20.856666666666698,20.39,19.29,20.6,20.89,20.39,20.43,0
2015-02-05 04:21:00,20.89,20.39,19.29,20.65,20.89,20.29,20.39,0
2015-02-05 04:21:59,20.89,20.39,19.29,20.6,20.89,20.29,20.39,0
2015-02-05 04:23:00,20.89,20.39,19.29,20.6,20.89,20.39,20.39,0
2015-02-05 04:24:00,20.89,20.39,19.29,20.6,20.89,20.32,20.39,0
2015-02-05 04:25:00,20.89,20.39,19.29,20.6,20.89,20.29,20.45,0
2015-02-05 04:25:59,20.89,20.5,19.29,20.6,20.89,20.29,20.39,0
2015-02-05 04:27:00,20.89,20.39,19.29,20.6,20.89,20.29,20.39,0
2015-02-05 04:27:59,20.856666666666698,20.445,19.29,20.65,20.89,20.29,20.46,0
2015-02-05 04:28:59,20.89,20.463333333333303,19.29,20.6,20.89,20.39,20.5,0
2015-02-05 04:30:00,20.89,20.5,19.29,20.7,20.89,20.29,20.5,0
2015-02-05 04:31:00,20.865,20.445,19.29,20.7,20.89,20.34,20.5,0
2015-02-05 04:32:00,20.89,20.39,19.29,20.6,20.89,20.39,20.5,0
2015-02-05 04:33:00,20.89,20.39,19.29,20.6,20.89,20.39,20.5,0
2015-02-05 04:34:00,20.89,20.39,19.29,20.6,20.89,20.29,20.43,0
2015-02-05 04:34:59,20.89,20.39,19.29,20.6,20.89,20.39,20.39,0
2015-02-05 04:36:00,20.89,20.445,19.29,20.6,20.89,20.39,20.39,0
2015-02-05 04:37:00,20.89,20.445,19.29,20.6,20.89,20.39,20.39,0
2015-02-05 04:38:00,20.89,20.5,19.29,20.65,20.89,20.39,20.34,0
2015-02-05 04:38:59,20.945,20.5,19.29,20.6,20.89,20.39,20.39,0
2015-02-05 04:40:00,21.0,20.445,19.29,20.6,20.89,20.39,20.39,0
2015-02-05 04:40:59,20.945,20.445,19.29,20.6,20.89,20.39,20.36,0
2015-02-05 04:41:59,20.945,20.463333333333303,19.29,20.6,20.89,20.39,20.39,0
2015-02-05 04:43:00,20.926666666666698,20.39,19.29,20.6,20.89,20.39,20.39,0
2015-02-05 04:44:00,20.89,20.5,19.29,20.6,20.84,20.39,20.39,0
2015-02-05 04:45:00,20.89,20.5,19.29,20.6,20.89,20.39,20.39,0
2015-02-05 04:46:00,20.945,20.463333333333303,19.29,20.6,20.89,20.34,20.39,0
2015-02-05 04:46:59,20.89,20.39,19.34,20.6,20.89,20.39,20.39,0
2015-02-05 04:47:59,21.0,20.39,19.323333333333302,20.6,20.89,20.34,20.39,0
2015-02-05 04:49:00,21.0,20.39,19.29,20.6,20.84,20.39,20.39,0
2015-02-05 04:50:00,21.0,20.39,19.29,20.6,20.89,20.39,20.39,0
2015-02-05 04:51:00,21.0,20.39,19.29,20.6,20.84,20.39,20.5,0
2015-02-05 04:52:00,21.0,20.39,19.29,20.6,20.84,20.39,20.47,0
2015-02-05 04:53:00,21.0,20.39,19.29,20.6,20.84,20.36,20.5,0
2015-02-05 04:53:59,21.0,20.39,19.29,20.6,20.79,20.39,20.5,0
2015-02-05 04:54:59,21.0,20.39,19.29,20.6,20.89,20.39,20.5,0
2015-02-05 04:56:00,21.0,20.39,19.29,20.6,20.84,20.39,20.5,0
2015-02-05 04:57:00,21.0,20.445,19.29,20.6,20.89,20.39,20.5,0
2015-02-05 04:58:00,21.0,20.39,19.29,20.6,20.89,20.39,20.5,0
2015-02-05 04:59:00,20.963333333333303,20.39,19.29,20.6,20.89,20.39,20.5,0
2015-02-05 04:59:59,20.89,20.39,19.39,20.6,20.89,20.39,20.5,0
2015-02-05 05:00:59,20.89,20.39,19.34,20.6,20.89,20.39,20.5,0
2015-02-05 05:02:00,20.9175,20.39,19.39,20.6,20.89,20.39,20.5,0
2015-02-05 05:03:00,20.89,20.445,19.39,20.6,20.89,20.39,20.5,0
2015-02-05 05:04:00,20.89,20.39,19.39,20.55,20.89,20.39,20.5,0
2015-02-05 05:05:00,20.89,20.39,19.39,20.6,20.89,20.39,20.5,0
2015-02-05 05:06:00,20.89,20.39,19.39,20.6,20.86,20.39,20.5,0
2015-02-05 05:06:59,20.89,20.39,19.39,20.55,20.89,20.39,20.5,0
2015-02-05 05:08:00,20.89,20.39,19.39,20.53,20.89,20.39,20.5,0
2015-02-05 05:09:00,20.89,20.39,19.39,20.55,20.89,20.45,20.5,0
2015-02-05 05:10:00,20.89,20.39,19.39,20.6,20.89,20.39,20.5,0
2015-02-05 05:10:59,20.89,20.39,19.39,20.55,20.89,20.39,20.5,0
2015-02-05 05:12:00,20.89,20.39,19.39,20.57,20.84,20.46,20.53,0
2015-02-05 05:12:59,20.89,20.356666666666698,19.39,20.6,20.89,20.5,20.55,0
2015-02-05 05:13:59,20.89,20.29,19.39,20.5,20.89,20.5,20.6,0
2015-02-05 05:15:00,20.945,20.34,19.445,20.5,20.89,20.43,20.57,0
2015-02-05 05:16:00,20.89,20.34,19.445,20.55,20.84,20.43,20.6,0
2015-02-05 05:17:00,20.89,20.34,19.39,20.55,20.79,20.39,20.6,0
2015-02-05 05:18:00,20.945,20.39,19.5,20.5,20.89,20.45,20.55,0
2015-02-05 05:19:00,20.89,20.39,19.5,20.5,20.79,20.43,20.5,0
2015-02-05 05:19:59,20.945,20.34,19.445,20.5,20.79,20.39,20.5,0
2015-02-05 05:21:00,20.945,20.356666666666698,19.5,20.5,20.79,20.45,20.55,0
2015-02-05 05:22:00,20.89,20.39,19.5,20.6,20.82,20.39,20.5,0
2015-02-05 05:23:00,20.89,20.34,19.5,20.53,20.84,20.39,20.5,0
2015-02-05 05:23:59,20.89,20.39,19.5,20.55,20.79,20.39,20.5,0
2015-02-05 05:25:00,20.89,20.39,19.5,20.53,20.79,20.39,20.5,0
2015-02-05 05:25:59,20.89,20.39,19.5,20.5,20.79,20.39,20.5,0
2015-02-05 05:26:59,20.926666666666698,20.39,19.5,20.5,20.79,20.39,20.5,0
2015-02-05 05:28:00,20.89,20.39,19.5,20.5,20.79,20.39,20.5,0
2015-02-05 05:29:00,20.89,20.34,19.5,20.5,20.79,20.39,20.5,0
2015-02-05 05:30:00,20.945,20.39,19.6,20.5,20.79,20.39,20.5,0
2015-02-05 05:31:00,20.89,20.39,19.5,20.5,20.79,20.45,20.39,0
2015-02-05 05:31:59,20.89,20.356666666666698,19.5,20.5,20.89,20.39,20.39,0
2015-02-05 05:32:59,20.89,20.34,19.5,20.55,20.79,20.39,20.39,0
2015-02-05 05:34:00,20.89,20.29,19.5,20.5,20.79,20.5,20.39,0
2015-02-05 05:35:00,20.89,20.29,19.5,20.5,20.84,20.5,20.39,0
2015-02-05 05:36:00,20.89,20.29,19.5,20.55,20.79,20.5,20.39,0
2015-02-05 05:37:00,20.89,20.29,19.5,20.5,20.79,20.39,20.39,0
2015-02-05 05:38:00,20.89,20.29,19.5,20.5,20.79,20.45,20.39,0
2015-02-05 05:38:59,20.89,20.29,19.5,20.5,20.79,20.5,20.39,0
2015-02-05 05:39:59,20.89,20.29,19.5,20.5,20.79,20.45,20.29,0
2015-02-05 05:41:00,20.89,20.29,19.463333333333303,20.5,20.79,20.39,20.34,0
2015-02-05 05:42:00,20.89,20.29,19.39,20.5,20.79,20.45,20.39,0
2015-02-05 05:43:00,20.89,20.29,19.426666666666698,20.5,20.79,20.5,20.39,0
2015-02-05 05:44:00,20.89,20.29,19.39,20.5,20.79,20.5,20.39,0
2015-02-05 05:44:59,20.89,20.245,19.39,20.5,20.79,20.39,20.34,0
2015-02-05 05:45:59,20.89,20.29,19.39,20.5,20.79,20.46,20.29,0
2015-02-05 05:47:00,20.89,20.29,19.39,20.5,20.79,20.39,20.29,0
2015-02-05 05:48:00,20.89,20.29,19.39,20.5,20.75,20.5,20.29,0
2015-02-05 05:49:00,20.89,20.29,19.39,20.5,20.75,20.45,20.29,0
2015-02-05 05:50:00,20.89,20.29,19.39,20.5,20.73,20.45,20.2,0
2015-02-05 05:51:00,20.84,20.29,19.39,20.55,20.7,20.5,20.2,0
2015-02-05 05:51:59,20.89,20.29,19.39,20.5,20.7,20.39,20.2,0
2015-02-05 05:53:00,20.84,20.29,19.39,20.5,20.7,20.43,20.2,0
2015-02-05 05:54:00,20.89,20.245,19.39,20.5,20.7,20.39,20.26,0
2015-02-05 05:55:00,20.89,20.29,19.39,20.5,20.7,20.39,20.26,0
2015-02-05 05:55:59,20.89,20.29,19.39,20.5,20.7,20.39,20.2,0
2015-02-05 05:57:00,20.84,20.29,19.39,20.5,20.7,20.39,20.23,0
2015-02-05 05:57:59,20.89,20.29,19.39,20.5,20.7,20.39,20.2,0
2015-02-05 05:58:59,20.89,20.29,19.39,20.5,20.7,20.45,20.27,0
2015-02-05 06:00:00,20.865,20.29,19.39,20.5,20.7,20.39,20.25,0
2015-02-05 06:01:00,20.89,20.29,19.445,20.5,20.7,20.39,20.29,0
2015-02-05 06:02:00,20.856666666666698,20.29,19.39,20.5,20.7,20.39,20.29,0
2015-02-05 06:03:00,20.89,20.245,19.39,20.53,20.7,20.39,20.29,0
2015-02-05 06:04:00,20.89,20.245,19.445,20.5,20.7,20.45,20.34,0
2015-02-05 06:04:59,20.89,20.245,19.426666666666698,20.5,20.76,20.39,20.36,0
2015-02-05 06:06:00,20.89,20.2,19.5,20.5,20.79,20.39,20.39,0
2015-02-05 06:07:00,20.84,20.245,19.5,20.5,20.7,20.39,20.39,0
2015-02-05 06:08:00,20.89,20.2,19.5,20.5,20.7,20.5,20.39,0
2015-02-05 06:08:59,20.89,20.29,19.5,20.5,20.7,20.39,20.39,0
2015-02-05 06:10:00,20.89,20.245,19.5,20.5,20.7,20.39,20.39,0
2015-02-05 06:10:59,20.89,20.29,19.5,20.5,20.7,20.39,20.36,0
2015-02-05 06:11:59,20.89,20.29,19.5,20.5,20.7,20.45,20.39,0
2015-02-05 06:13:00,20.89,20.29,19.5,20.5,20.7,20.45,20.39,0
2015-02-05 06:14:00,20.89,20.29,19.5,20.45,20.7,20.39,20.39,0
2015-02-05 06:15:00,20.89,20.29,19.5,20.5,20.65,20.39,20.39,0
2015-02-05 06:16:00,20.89,20.29,19.445,20.5,20.7,20.5,20.39,0
2015-02-05 06:16:59,20.89,20.29,19.39,20.5,20.7,20.39,20.39,0
2015-02-05 06:17:59,20.84,20.2,19.39,20.5,20.7,20.39,20.39,0
2015-02-05 06:19:00,20.89,20.23,19.39,20.5,20.7,20.39,20.39,0
2015-02-05 06:20:00,20.89,20.29,19.39,20.5,20.65,20.39,20.39,0
2015-02-05 06:21:00,20.89,20.29,19.39,20.5,20.6,20.39,20.39,0
2015-02-05 06:22:00,20.856666666666698,20.29,19.39,20.5,20.65,20.39,20.39,0
2015-02-05 06:23:00,20.89,20.2,19.39,20.5,20.65,20.39,20.39,0
2015-02-05 06:23:59,20.89,20.29,19.39,20.5,20.65,20.39,20.39,0
2015-02-05 06:24:59,20.89,20.29,19.39,20.5,20.65,20.39,20.5,0
2015-02-05 06:26:00,20.89,20.29,19.39,20.5,20.7,20.39,20.45,0
2015-02-05 06:27:00,20.89,20.26,19.39,20.5,20.7,20.39,20.5,0
2015-02-05 06:28:00,20.89,20.245,19.39,20.6,20.7,20.39,20.39,0
2015-02-05 06:29:00,20.89,20.29,19.39,20.5,20.7,20.39,20.39,0
2015-02-05 06:29:59,20.89,20.29,19.39,20.5,20.7,20.39,20.5,0
2015-02-05 06:30:59,20.89,20.29,19.39,20.55,20.7,20.39,20.5,0
2015-02-05 06:32:00,20.89,20.29,19.39,20.5,20.7,20.39,20.5,0
2015-02-05 06:33:00,20.89,20.29,19.34,20.6,20.79,20.39,20.5,0
2015-02-05 06:34:00,20.84,20.29,19.39,20.6,20.79,20.39,20.5,0
2015-02-05 06:35:00,20.89,20.29,19.39,20.5,20.79,20.39,20.5,0
2015-02-05 06:36:00,20.856666666666698,20.29,19.39,20.6,20.84,20.39,20.5,0
2015-02-05 06:36:59,20.89,20.29,19.29,20.6,20.89,20.39,20.5,0
2015-02-05 06:38:00,20.89,20.29,19.29,20.6,20.89,20.39,20.5,0
2015-02-05 06:39:00,20.89,20.29,19.29,20.6,20.89,20.39,20.5,0
2015-02-05 06:40:00,20.79,20.323333333333302,19.29,20.6,20.96,20.39,20.5,0
2015-02-05 06:40:59,20.79,20.39,19.29,20.6,21.0,20.39,20.5,0
2015-02-05 06:42:00,20.84,20.39,19.29,20.6,21.0,20.39,20.5,0
2015-02-05 06:42:59,20.79,20.39,19.39,20.6,21.0,20.39,20.5,0
2015-02-05 06:43:59,20.79,20.39,19.39,20.6,20.95,20.39,20.5,0
2015-02-05 06:45:00,20.79,20.39,19.29,20.6,20.96,20.39,20.5,0
2015-02-05 06:46:00,20.79,20.39,19.29,20.6,20.89,20.39,20.5,0
2015-02-05 06:47:00,20.79,20.39,19.29,20.6,20.89,20.39,20.5,0
2015-02-05 06:48:00,20.79,20.29,19.29,20.6,20.95,20.39,20.5,0
2015-02-05 06:49:00,20.7,20.29,19.29,20.6,20.95,20.39,20.53,0
2015-02-05 06:49:59,20.745,20.245,19.29,20.6,20.96,20.39,20.5,0
2015-02-05 06:51:00,20.7,20.29,19.34,20.6,20.95,20.39,20.6,0
2015-02-05 06:52:00,20.745,20.29,19.29,20.6,20.89,20.39,20.53,0
2015-02-05 06:53:00,20.79,20.2,19.29,20.6,20.96,20.39,20.5,0
2015-02-05 06:53:59,20.7,20.2,19.323333333333302,20.6,21.0,20.39,20.6,0
2015-02-05 06:55:00,20.7,20.2,19.34,20.6,21.0,20.39,20.6,0
2015-02-05 06:55:59,20.76,20.2,19.29,20.57,21.0,20.39,20.6,0
2015-02-05 06:56:59,20.7,20.2,19.29,20.5,20.89,20.39,20.55,0
2015-02-05 06:58:00,20.7,20.1,19.29,20.55,20.95,20.39,20.55,0
2015-02-05 06:59:00,20.7,20.2,19.29,20.6,20.92,20.39,20.6,0
2015-02-05 07:00:00,20.73,20.2,19.34,20.55,20.89,20.39,20.6,0
2015-02-05 07:01:00,20.7,20.2,19.29,20.5,20.89,20.39,20.6,0
2015-02-05 07:01:59,20.7,20.2,19.29,20.5,20.89,20.39,20.6,0
2015-02-05 07:02:59,20.73,20.2,19.29,20.5,20.89,20.39,20.6,0
2015-02-05 07:04:00,20.7,20.2,19.34,20.5,20.89,20.39,20.6,0
2015-02-05 07:05:00,20.7,20.2,19.29,20.5,20.89,20.39,20.6,0
2015-02-05 07:06:00,20.7,20.2,19.29,20.55,20.89,20.39,20.65,0
2015-02-05 07:07:00,20.7,20.2,19.29,20.5,20.89,20.39,20.67,0
2015-02-05 07:08:00,20.7,20.2,19.29,20.5,20.89,20.39,20.7,0
2015-02-05 07:08:59,20.7,20.2,19.29,20.5,20.89,20.39,20.67,0
2015-02-05 07:09:59,20.7,20.2,19.323333333333302,20.5,20.89,20.39,20.6,0
2015-02-05 07:11:00,20.7,20.2,19.34,20.5,20.89,20.39,20.65,0
2015-02-05 07:12:00,20.7,20.2,19.39,20.5,20.89,20.39,20.7,0
2015-02-05 07:13:00,20.7,20.2,19.39,20.52,20.89,20.39,20.7,0
2015-02-05 07:14:00,20.7,20.2,19.39,20.5,20.89,20.39,20.6,0
2015-02-05 07:14:59,20.7,20.2,19.39,20.5,20.86,20.39,20.7,0
2015-02-05 07:15:59,20.7,20.245,19.39,20.5,20.89,20.39,20.7,0
2015-02-05 07:17:00,20.7,20.29,19.39,20.5,20.86,20.39,20.67,0
2015-02-05 07:18:00,20.7,20.29,19.445,20.5,20.89,20.39,20.7,0
2015-02-05 07:19:00,20.7,20.29,19.39,20.5,20.84,20.39,20.7,0
2015-02-05 07:20:00,20.7,20.29,19.39,20.5,20.79,20.39,20.7,0
2015-02-05 07:21:00,20.7,20.29,19.39,20.5,20.79,20.39,20.7,0
2015-02-05 07:21:59,20.7,20.29,19.445,20.5,20.79,20.39,20.7,0
2015-02-05 07:23:00,20.7,20.29,19.39,20.5,20.79,20.39,20.7,0
2015-02-05 07:24:00,20.7,20.29,19.39,20.5,20.89,20.39,20.7,0
2015-02-05 07:25:00,20.7,20.29,19.445,20.5,20.79,20.39,20.67,0
2015-02-05 07:25:59,20.7,20.29,19.39,20.55,20.79,20.39,20.7,0
2015-02-05 07:27:00,20.7,20.29,19.5,20.55,20.79,20.39,20.7,0
2015-02-05 07:27:59,20.7,20.245,19.445,20.6,20.79,20.39,20.7,0
2015-02-05 07:28:59,20.7,20.245,19.5,20.55,20.79,20.39,20.7,0
2015-02-05 07:30:00,20.7,20.2,19.426666666666698,20.6,20.79,20.39,20.7,0
2015-02-05 07:31:00,20.7,20.2,19.5,20.6,20.79,20.39,20.7,0
2015-02-05 07:32:00,20.7,20.2,19.39,20.6,20.79,20.39,20.7,0
2015-02-05 07:33:00,20.7,20.2,19.426666666666698,20.55,20.84,20.39,20.7,0
2015-02-05 07:34:00,20.7,20.245,19.39,20.6,20.89,20.39,20.7,0
2015-02-05 07:34:59,20.7,20.245,19.39,20.53,20.89,20.39,20.7,0
2015-02-05 07:36:00,20.7,20.2,19.39,20.6,21.0,20.39,20.6,0
2015-02-05 07:37:00,20.7,20.2,19.5,20.6,21.0,20.39,20.7,0
2015-02-05 07:38:00,20.7,20.2,19.426666666666698,20.55,21.0,20.39,20.7,1
2015-02-05 07:38:59,20.7,20.2,19.5,20.5,21.0,20.39,20.67,0
2015-02-05 07:40:00,20.7,20.2,19.39,20.55,21.0,20.39,20.7,0
2015-02-05 07:40:59,20.7,20.2,19.5,20.55,21.0,20.39,20.7,0
2015-02-05 07:41:59,20.7225,20.175,19.5,20.5,21.0,20.39,20.6,1
2015-02-05 07:43:00,20.73,20.175,19.5,20.5,21.0,20.39,20.7,1
2015-02-05 07:44:00,20.7225,20.2,19.5,20.55,21.0,20.39,20.7,1
2015-02-05 07:45:00,20.7675,20.175,19.445,20.5,21.0,20.39,20.68,1
2015-02-05 07:46:00,20.79,20.1,19.463333333333303,20.5,20.95,20.39,20.7,1
2015-02-05 07:46:59,20.815,20.15,19.5,20.5,20.89,20.39,20.65,1
2015-02-05 07:47:59,20.823333333333302,20.1333333333333,19.5,20.5,20.93,20.39,20.65,1
2015-02-05 07:49:00,20.815,20.175,19.445,20.5,20.89,20.39,20.7,1
2015-02-05 07:50:00,20.89,20.125,19.445,20.5,20.89,20.39,20.65,1
2015-02-05 07:51:00,20.89,20.15,19.5,20.5,20.89,20.39,20.65,1
2015-02-05 07:52:00,20.89,20.2,19.445,20.5,20.84,20.39,20.6,1
2015-02-05 07:53:00,20.89,20.2,19.39,20.5,20.79,20.39,20.7,1
2015-02-05 07:53:59,20.89,20.2225,19.39,20.5,20.79,20.39,20.6,1
2015-02-05 07:54:59,20.945,20.2675,19.445,20.5,20.79,20.39,20.6,1
2015-02-05 07:56:00,20.963333333333303,20.29,19.5,20.5,20.79,20.39,20.7,1
2015-02-05 07:57:00,21.0,20.315,19.445,20.5,20.79,20.39,20.6,1
2015-02-05 07:58:00,21.0,20.39,19.445,20.5,20.79,20.39,20.6,1
2015-02-05 07:59:00,21.0,20.39,19.5,20.5,20.79,20.39,20.63,1
2015-02-05 07:59:59,21.0,20.4175,19.5,20.5,20.79,20.39,20.6,1
2015-02-05 08:00:59,21.0,20.426666666666698,19.5,20.5,20.89,20.39,20.6,1
2015-02-05 08:02:00,21.0,20.4725,19.5,20.5,20.79,20.39,20.6,1
2015-02-05 08:03:00,21.0,20.525,19.5,20.5,20.84,20.39,20.6,1
2015-02-05 08:04:00,21.0,20.5,19.5,20.5,20.95,20.39,20.6,1
2015-02-05 08:05:00,21.025,20.5666666666667,19.5,20.5,20.95,20.39,20.6,1
2015-02-05 08:06:00,21.025,20.625,19.5,20.5,21.0,20.39,20.6,1
2015-02-05 08:06:59,21.05,20.65,19.5,20.5,21.0,20.39,20.6,1
2015-02-05 08:08:00,21.025,20.7,19.5,20.5,21.0,20.39,20.7,1
2015-02-05 08:09:00,21.1,20.7,19.5,20.55,21.0,20.39,20.6,1
2015-02-05 08:10:00,21.075,20.7,19.5,20.55,21.0,20.39,20.6,1
2015-02-05 08:10:59,21.033333333333303,20.7225,19.5,20.5,21.0,20.39,20.6,1
2015-02-05 08:12:00,21.075,20.7,19.5,20.6,21.0,20.39,20.6,1
2015-02-05 08:12:59,21.1,20.79,19.5,20.55,21.0,20.39,20.6,1
2015-02-05 08:13:59,21.1,20.79,19.5,20.57,21.0,20.39,20.6,1
2015-02-05 08:15:00,21.1,20.79,19.5,20.6,20.96,20.39,20.6,1
2015-02-05 08:16:00,21.15,20.79,19.5,20.6,21.0,20.39,20.6,1
2015-02-05 08:17:00,21.2,20.815,19.5,20.6,20.93,20.39,20.6,1
2015-02-05 08:18:00,21.2,20.79,19.5,20.6,20.89,20.39,20.6,1
2015-02-05 08:19:00,21.2,20.84,19.5,20.6,20.89,20.39,20.6,1
2015-02-05 08:19:59,21.26,20.89,19.5,20.6,20.89,20.39,20.6,1
2015-02-05 08:21:00,21.29,20.865,19.5,20.6,20.89,20.39,20.6,1
2015-02-05 08:22:00,21.29,20.89,19.5,20.6,20.89,20.39,20.6,0
2015-02-05 08:23:00,21.29,20.89,19.5,20.57,20.89,20.39,20.6,1
2015-02-05 08:23:59,21.323333333333302,20.89,19.5,20.6,20.84,20.39,20.6,1
2015-02-05 08:25:00,21.29,20.89,19.5,20.6,20.84,20.39,20.6,1
2015-02-05 08:25:59,21.34,20.89,19.5,20.57,20.89,20.39,20.6,1
2015-02-05 08:26:59,21.29,20.89,19.5,20.6,20.89,20.39,20.6,1
2015-02-05 08:28:00,21.29,20.89,19.5,20.6,21.0,20.39,20.6,1
2015-02-05 08:29:00,21.315,20.865,19.5,20.6,21.0,20.39,20.6,1
2015-02-05 08:30:00,21.29,20.865,19.5,20.6,21.03,20.39,20.6,1
2015-02-05 08:31:00,21.29,20.823333333333302,19.5,20.6,21.05,20.45,20.6,1
2015-02-05 08:31:59,21.34,20.84,19.5,20.6,21.1,20.39,20.6,1
2015-02-05 08:32:59,21.323333333333302,20.89,19.6,20.6,21.17,20.39,20.6,1
2015-02-05 08:34:00,21.29,20.865,19.5,20.6,21.2,20.39,20.6,1
2015-02-05 08:35:00,21.34,20.856666666666698,19.6,20.6,21.23,20.39,20.6,1
2015-02-05 08:36:00,21.29,20.865,19.5,20.63,21.23,20.39,20.6,1
2015-02-05 08:37:00,21.34,20.84,19.5,20.62,21.29,20.39,20.6,1
2015-02-05 08:38:00,21.34,20.84,19.533333333333303,20.67,21.2,20.39,20.6,1
2015-02-05 08:38:59,21.323333333333302,20.84,19.5,20.7,21.2,20.39,20.57,1
2015-02-05 08:39:59,21.356666666666698,20.89,19.5,20.67,21.2,20.43,20.6,1
2015-02-05 08:41:00,21.365,20.865,19.5,20.7,21.2,20.39,20.6,1
2015-02-05 08:42:00,21.39,20.865,19.5,20.7,21.17,20.45,20.6,1
2015-02-05 08:43:00,21.356666666666698,20.865,19.533333333333303,20.7,21.1,20.5,20.62,1
2015-02-05 08:44:00,21.323333333333302,20.89,19.5,20.7,21.15,20.46,20.6,1
2015-02-05 08:44:59,21.39,20.865,19.525,20.7,21.2,20.5,20.7,1
2015-02-05 08:45:59,21.323333333333302,20.856666666666698,19.5,20.7,21.2,20.5,20.63,1
2015-02-05 08:47:00,21.39,20.84,19.525,20.75,21.2,20.5,20.68,1
2015-02-05 08:48:00,21.365,20.865,19.525,20.75,21.2,20.5,20.68,1
2015-02-05 08:49:00,21.39,20.89,19.525,20.79,21.2,20.6,20.7,1
2015-02-05 08:50:00,21.39,20.89,19.5666666666667,20.86,21.2,20.55,20.7,1
2015-02-05 08:51:00,21.39,20.865,19.575,20.89,21.2,20.6,20.72,1
2015-02-05 08:51:59,21.39,20.84,19.575,20.92,21.23,20.6,20.76,1
2015-02-05 08:53:00,21.39,20.865,19.6333333333333,21.0,21.25,20.6,20.75,1
2015-02-05 08:54:00,21.4175,20.89,19.6666666666667,21.0,21.26,20.6,20.79,1
2015-02-05 08:55:00,21.39,20.865,19.6333333333333,21.05,21.29,20.63,20.79,1
2015-02-05 08:55:59,21.445,20.823333333333302,19.625,21.1,21.29,20.65,20.79,1
2015-02-05 08:57:00,21.463333333333303,20.856666666666698,19.6333333333333,21.2,21.29,20.68,20.79,1
2015-02-05 08:57:59,21.5,20.89,19.7,21.15,21.29,20.68,20.79,1
2015-02-05 08:58:59,21.5,20.9175,19.7,21.2,21.29,20.7,20.79,1
2015-02-05 09:00:00,21.5,20.926666666666698,19.745,21.25,21.29,20.7,20.79,1
2015-02-05 09:01:00,21.5,20.9175,19.7675,21.27,21.29,20.7,20.82,1
2015-02-05 09:02:00,21.5,20.963333333333303,19.79,21.34,21.32,20.7,20.84,1
2015-02-05 09:03:00,21.5,20.89,19.79,21.34,21.39,20.75,20.89,1
2015-02-05 09:04:00,21.525,20.89,19.79,21.39,21.5,20.76,20.89,1
2015-02-05 09:04:59,21.55,20.89,19.84,21.42,21.5,20.79,20.89,1
2015-02-05 09:06:00,21.6,20.89,19.89,21.45,21.5,20.79,20.89,1
2015-02-05 09:07:00,21.6,20.89,19.89,21.5,21.57,20.79,20.89,1
2015-02-05 09:08:00,21.7,20.89,19.9175,21.55,21.57,20.79,20.89,1
2015-02-05 09:08:59,21.7,20.89,19.963333333333303,21.57,21.57,20.79,20.89,1
2015-02-05 09:10:00,21.7675,20.926666666666698,19.945,21.62,21.63,20.79,20.95,1
2015-02-05 09:10:59,21.79,20.945,20.0,21.7,21.63,20.84,20.92,1
2015-02-05 09:11:59,21.815,20.945,20.0,21.7,21.6,20.89,20.93,1
2015-02-05 09:13:00,21.84,20.945,20.0,21.72,21.68,20.89,20.97,1
2015-02-05 09:14:00,21.89,20.945,20.05,21.79,21.7,20.89,20.97,1
2015-02-05 09:15:00,21.89,20.9725,20.1,21.82,21.7,20.89,20.95,1
2015-02-05 09:16:00,21.89,21.0,20.1,21.84,21.7,20.95,20.93,1
2015-02-05 09:16:59,21.89,21.0,20.1,21.89,21.79,21.0,21.0,1
2015-02-05 09:17:59,21.9175,21.0,20.1,21.89,21.79,20.96,21.0,1
2015-02-05 09:19:00,21.963333333333306,21.0,20.2,22.0,21.79,21.0,21.0,1
2015-02-05 09:20:00,22.0,21.0,20.125,22.0,21.86,21.0,21.0,1
2015-02-05 09:21:00,22.0,21.0,20.15,22.0,21.82,21.0,21.0,1
2015-02-05 09:22:00,22.0,21.0,20.175,22.1,21.89,21.0,21.0,1
2015-02-05 09:23:00,22.0,21.025,20.2,22.1,21.89,21.02,21.0,1
2015-02-05 09:23:59,22.025,21.05,20.215,22.1,21.89,21.0,21.02,1
2015-02-05 09:24:59,22.05,21.05,20.23,22.14,21.92,21.05,21.03,1
2015-02-05 09:26:00,22.0666666666667,21.1,20.29,22.2,21.96,21.1,21.07,1
2015-02-05 09:27:00,22.0666666666667,21.1,20.29,22.22,21.95,21.1,21.1,1
2015-02-05 09:28:00,22.1,21.1,20.29,22.26,22.02,21.1,21.1,1
2015-02-05 09:29:00,22.1,21.1,20.29,22.29,22.07,21.1,21.1,1
2015-02-05 09:29:59,22.1,21.1,20.29,22.32,22.1,21.1,21.1,1
2015-02-05 09:30:59,22.1,21.1,20.29,22.34,22.13,21.15,21.1,1
2015-02-05 09:32:00,22.1,21.1,20.39,22.39,22.18,21.1,21.1,1
2015-02-05 09:33:00,22.1,21.1,20.3816666666667,22.39,22.22,21.14,21.1,1
2015-02-05 09:34:00,22.1,21.1,20.373333333333303,22.42,22.22,21.17,21.1,1
2015-02-05 09:35:00,22.1,21.1,20.39,22.5,22.2,21.18,21.1,1
2015-02-05 09:36:00,22.1,21.1,20.39,22.5,22.27,21.2,21.1,1
2015-02-05 09:36:59,22.1,21.175,20.39,22.5,22.29,21.2,21.1,1
2015-02-05 09:38:00,22.1,21.15,20.39,22.6,22.32,21.29,21.1,1
2015-02-05 09:39:00,22.1,21.2,20.39,22.6,22.32,21.23,21.1,1
2015-02-05 09:40:00,22.1,21.2,20.445,22.6,22.34,21.29,21.1,1
2015-02-05 09:40:59,22.1,21.175,20.4725,22.6,22.36,21.29,21.1,1
2015-02-05 09:42:00,22.125,21.2,20.5,22.68,22.36,21.29,21.1,1
2015-02-05 09:42:59,22.1,21.2,20.5,22.7,22.42,21.29,21.1,1
2015-02-05 09:43:59,22.1,21.2225,20.5,22.7,22.39,21.29,21.1,1
2015-02-05 09:45:00,22.1,21.29,20.5,22.7,22.39,21.29,21.1,1
2015-02-05 09:46:00,22.1,21.2675,20.5,22.77,22.5,21.32,21.15,1
2015-02-05 09:47:00,22.1,21.29,20.5,22.79,22.5,21.39,21.15,1
2015-02-05 09:48:00,22.1,21.323333333333302,20.5,22.79,22.5,21.45,21.2,1
2015-02-05 09:49:00,22.075,21.29,20.5,22.89,22.5,21.47,21.18,1
2015-02-05 09:49:59,22.075,21.29,20.5,22.86,22.5,21.5,21.18,1
2015-02-05 09:51:00,22.1,21.315,20.5,22.86,22.5,21.5,21.2,1
2015-02-05 09:52:00,22.1,21.29,20.55,22.89,22.55,21.5,21.2,1
2015-02-05 09:53:00,22.1,21.29,20.55,22.89,22.55,21.6,21.18,1
2015-02-05 09:53:59,22.1,21.315,20.6,22.89,22.6,21.62,21.2,1
2015-02-05 09:55:00,22.1,21.34,20.6,22.89,22.57,21.6,21.2,1
2015-02-05 09:55:59,22.1,21.325,20.6,22.89,22.6,21.6,21.2,1
2015-02-05 09:56:59,22.1,21.31,20.6333333333333,22.89,22.6,21.7,21.2,1
2015-02-05 09:58:00,22.1,21.323333333333302,20.6,22.89,22.63,21.68,21.2,1
2015-02-05 09:59:00,22.1,21.356666666666698,20.675,22.95,22.65,21.7,21.2,1
2015-02-05 10:00:00,22.1,21.39,20.6,22.93,22.67,21.65,21.2,1
2015-02-05 10:01:00,22.125,21.39,20.7,22.92,22.7,21.7,21.2,1
2015-02-05 10:01:59,22.1,21.34,20.65,22.92,22.7,21.7,21.2,1
2015-02-05 10:02:59,22.1,21.34,20.7,22.97,22.72,21.7,21.2,1
2015-02-05 10:04:00,22.1,21.29,20.7,23.0,22.72,21.68,21.2,1
2015-02-05 10:05:00,22.1,21.34,20.7,23.0,22.79,21.7,21.22,1
2015-02-05 10:06:00,22.1,21.29,20.7,23.0,22.73,21.7,21.25,1
2015-02-05 10:07:00,22.1,21.34,20.7,23.05,22.79,21.68,21.23,1
2015-02-05 10:08:00,22.1,21.315,20.7,23.1,22.79,21.7,21.27,1
2015-02-05 10:08:59,22.1,21.29,20.7,23.1,22.82,21.7,21.23,1
2015-02-05 10:09:59,22.1,21.315,20.7225,23.1,22.84,21.68,21.25,1
2015-02-05 10:11:00,22.1,21.315,20.7,23.2,22.86,21.6,21.27,1
2015-02-05 10:12:00,22.1,21.39,20.7,23.18,22.89,21.6,21.26,1
2015-02-05 10:13:00,22.15,21.39,20.7,23.26,23.0,21.6,21.29,1
2015-02-05 10:14:00,22.1,21.39,20.745,23.32,23.05,21.6,21.29,1
2015-02-05 10:14:59,22.1,21.39,20.79,23.43,23.13,21.53,21.29,1
2015-02-05 10:15:59,22.1,21.365,20.79,23.46,23.25,21.5,21.29,1
2015-02-05 10:17:00,22.1,21.39,20.79,23.52,23.29,21.52,21.29,1
2015-02-05 10:18:00,22.1,21.39,20.79,23.52,23.29,21.52,21.27,1
2015-02-05 10:19:00,22.1,21.323333333333302,20.79,23.57,23.29,21.5,21.29,1
2015-02-05 10:20:00,22.1,21.365,20.79,23.53,23.29,21.5,21.29,1
2015-02-05 10:21:00,22.1,21.39,20.79,23.55,23.29,21.5,21.25,1
2015-02-05 10:21:59,22.1,21.34,20.79,23.55,23.29,21.5,21.29,0
2015-02-05 10:23:00,22.1,21.39,20.79,23.5,23.26,21.5,21.29,0
2015-02-05 10:24:00,22.05,21.34,20.79,23.52,23.25,21.46,21.29,0
2015-02-05 10:25:00,22.05,21.356666666666698,20.79,23.5,23.26,21.43,21.27,0
2015-02-05 10:25:59,22.025,21.29,20.815,23.55,23.29,21.45,21.29,1
2015-02-05 10:27:00,22.05,21.323333333333302,20.823333333333302,23.5,23.25,21.42,21.27,1
2015-02-05 10:27:59,22.0,21.315,20.865,23.6,23.26,21.45,21.29,1
2015-02-05 10:28:59,22.0,21.34,20.84,23.6,23.23,21.42,21.29,1
2015-02-05 10:30:00,22.0,21.315,20.89,23.6,23.25,21.39,21.29,1
2015-02-05 10:31:00,22.0666666666667,21.315,20.89,23.6,23.27,21.39,21.29,1
2015-02-05 10:32:00,22.05,21.29,20.89,23.6,23.26,21.39,21.29,1
2015-02-05 10:33:00,22.075,21.29,20.89,23.65,23.29,21.36,21.26,1
2015-02-05 10:34:00,22.1,21.29,20.89,23.62,23.29,21.36,21.29,1
2015-02-05 10:34:59,22.1,21.29,20.89,23.7,23.29,21.36,21.29,1
2015-02-05 10:36:00,22.1,21.365,20.89,23.67,23.29,21.36,21.29,1
2015-02-05 10:37:00,22.1,21.39,20.89,23.68,23.29,21.39,21.29,1
2015-02-05 10:38:00,22.1,21.323333333333302,20.89,23.68,23.34,21.39,21.29,1
2015-02-05 10:38:59,22.1,21.39,20.89,23.7,23.32,21.39,21.29,1
2015-02-05 10:40:00,22.08,21.4725,20.945,23.7,23.39,21.39,21.29,1
2015-02-05 10:40:59,22.1,21.5,21.0,23.7,23.29,21.39,21.29,1
2015-02-05 10:41:59,22.0,21.5,21.0,23.72,23.29,21.39,21.29,1
2015-02-05 10:43:00,22.08,21.5,21.0,23.7,23.29,21.39,21.29,1
2015-02-05 10:44:00,22.025,21.6,20.926666666666698,23.72,23.29,21.39,21.29,1
2015-02-05 10:45:00,22.0,21.65,21.0,23.72,23.29,21.39,21.29,1
2015-02-05 10:46:00,22.033333333333307,21.675,21.0,23.79,23.29,21.39,21.29,1
2015-02-05 10:46:59,22.075,21.7,21.0,23.79,23.32,21.45,21.31,1
2015-02-05 10:47:59,22.0,21.7,21.0,23.79,23.34,21.39,21.32,1
2015-02-05 10:49:00,22.075,21.7,21.0,23.79,23.39,21.47,21.36,1
2015-02-05 10:50:00,22.0666666666667,21.7,21.0,23.79,23.36,21.45,21.39,1
2015-02-05 10:51:00,22.05,21.7,21.0,23.79,23.36,21.5,21.32,1
2015-02-05 10:52:00,22.0666666666667,21.7,21.025,23.82,23.39,21.5,21.29,1
2015-02-05 10:53:00,22.075,21.7,21.0,23.89,23.39,21.5,21.36,1
2015-02-05 10:53:59,22.025,21.73,21.0666666666667,23.86,23.39,21.5,21.39,1
2015-02-05 10:54:59,22.025,21.73,21.075,23.89,23.39,21.5,21.32,1
2015-02-05 10:56:00,22.033333333333307,21.7675,21.1,23.89,23.42,21.5,21.39,1
2015-02-05 10:57:00,22.075,21.754,21.05,23.89,23.45,21.52,21.39,1
2015-02-05 10:58:00,22.075,21.73,21.1,23.89,23.39,21.5,21.39,1
2015-02-05 10:59:00,22.0666666666667,21.79,21.1,23.96,23.47,21.5,21.39,1
2015-02-05 10:59:59,22.0666666666667,21.7225,21.1,23.92,23.46,21.5,21.34,1
2015-02-05 11:00:59,22.1,21.745,21.1,23.97,23.47,21.5,21.39,1
2015-02-05 11:02:00,22.1,21.7,21.1,23.96,23.5,21.5,21.36,1
2015-02-05 11:03:00,22.1,21.7,21.1,23.95,23.5,21.5,21.39,1
2015-02-05 11:04:00,22.1,21.73,21.1333333333333,23.95,23.5,21.5,21.39,1
2015-02-05 11:05:00,22.1,21.7225,21.1,23.95,23.5,21.46,21.39,1
2015-02-05 11:06:00,22.1,21.7225,21.1,24.0,23.52,21.47,21.36,1
2015-02-05 11:06:59,22.1,21.7,21.1,24.0,23.57,21.5,21.39,1
2015-02-05 11:08:00,22.1,21.7,21.1,24.0,23.6,21.45,21.39,1
2015-02-05 11:09:00,22.1,21.7675,21.125,24.0,23.57,21.47,21.39,1
2015-02-05 11:10:00,22.1333333333333,21.76,21.1,24.0,23.6,21.5,21.39,1
2015-02-05 11:10:59,22.1,21.79,21.125,24.05,23.6,21.5,21.39,1
2015-02-05 11:12:00,22.175,21.79,21.125,24.05,23.6,21.47,21.39,1
2015-02-05 11:12:59,22.175,21.79,21.1333333333333,24.07,23.6,21.5,21.39,1
2015-02-05 11:13:59,22.175,21.73,21.1666666666667,24.07,23.65,21.46,21.39,1
2015-02-05 11:15:00,22.175,21.79,21.15,24.07,23.62,21.5,21.39,1
2015-02-05 11:16:00,22.2,21.79,21.1333333333333,24.1,23.65,21.5,21.39,1
2015-02-05 11:17:00,22.2,21.79,21.175,24.1,23.65,21.47,21.39,1
2015-02-05 11:18:00,22.2,21.79,21.2,24.1,23.7,21.5,21.39,1
2015-02-05 11:19:00,22.2,21.745,21.2,24.1,23.68,21.5,21.39,1
2015-02-05 11:19:59,22.2,21.745,21.2,24.1,23.7,21.5,21.39,1
2015-02-05 11:21:00,22.15,21.7,21.2,24.1,23.7,21.47,21.39,1
2015-02-05 11:22:00,22.15,21.7225,21.2225,24.1,23.72,21.5,21.39,1
2015-02-05 11:23:00,22.2,21.7,21.245,24.1,23.75,21.5,21.42,1
2015-02-05 11:23:59,22.175,21.7,21.29,24.1,23.7,21.5,21.43,1
2015-02-05 11:25:00,22.2,21.7,21.29,24.1,23.7,21.47,21.39,1
2015-02-05 11:25:59,22.2,21.7,21.29,24.1,23.72,21.5,21.39,1
2015-02-05 11:26:59,22.1666666666667,21.7,21.29,24.1,23.7,21.47,21.39,1
2015-02-05 11:28:00,22.2,21.7,21.29,24.1,23.79,21.5,21.42,1
2015-02-05 11:29:00,22.2,21.7225,21.29,24.1,23.75,21.45,21.43,1
2015-02-05 11:30:00,22.175,21.76,21.29,24.1,23.79,21.43,21.43,1
2015-02-05 11:31:00,22.2,21.7225,21.29,24.1,23.79,21.42,21.41,1
2015-02-05 11:31:59,22.2,21.7225,21.29,24.1,23.79,21.45,21.39,1
2015-02-05 11:32:59,22.2,21.7,21.29,24.1,23.79,21.42,21.42,1
2015-02-05 11:34:00,22.2,21.7,21.29,24.1,23.79,21.39,21.39,1
2015-02-05 11:35:00,22.2,21.7,21.29,24.1,23.79,21.39,21.39,1
2015-02-05 11:36:00,22.2,21.7,21.323333333333302,24.1,23.84,21.39,21.39,1
2015-02-05 11:37:00,22.2,21.7,21.29,24.03,23.86,21.39,21.39,1
2015-02-05 11:38:00,22.2,21.7,21.365,24.05,23.89,21.39,21.39,1
2015-02-05 11:38:59,22.2,21.7,21.323333333333302,24.03,23.89,21.39,21.42,1
2015-02-05 11:39:59,22.2,21.7,21.39,24.1,23.86,21.43,21.43,1
2015-02-05 11:41:00,22.2,21.7,21.39,24.02,23.89,21.47,21.45,1
2015-02-05 11:42:00,22.2,21.7,21.39,24.0,23.89,21.5,21.45,1
2015-02-05 11:43:00,22.2,21.7,21.39,24.0,23.89,21.5,21.43,1
2015-02-05 11:44:00,22.2,21.7,21.39,24.0,23.92,21.52,21.5,1
2015-02-05 11:44:59,22.2,21.7,21.39,23.89,23.89,21.5,21.5,1
2015-02-05 11:45:59,22.2,21.7,21.39,23.92,23.89,21.5,21.47,1
2015-02-05 11:47:00,22.2,21.7,21.39,23.92,23.89,21.6,21.5,1
2015-02-05 11:48:00,22.2,21.7,21.4175,23.96,23.89,21.6,21.5,1
2015-02-05 11:49:00,22.175,21.65,21.39,23.96,23.89,21.6,21.5,1
2015-02-05 11:50:00,22.2,21.6333333333333,21.39,24.0,23.89,21.57,21.5,1
2015-02-05 11:51:00,22.2,21.65,21.39,23.96,23.89,21.6,21.5,1
2015-02-05 11:51:59,22.2,21.7,21.39,23.96,23.89,21.6,21.5,1
2015-02-05 11:53:00,22.2,21.675,21.39,23.93,23.95,21.57,21.52,1
2015-02-05 11:54:00,22.2,21.65,21.39,23.95,23.92,21.53,21.52,1
2015-02-05 11:55:00,22.2,21.7,21.4175,24.0,24.0,21.5,21.5,1
2015-02-05 11:55:59,22.175,21.7,21.39,23.97,23.95,21.52,21.55,1
2015-02-05 11:57:00,22.175,21.7,21.4175,23.95,23.89,21.5,21.6,1
2015-02-05 11:57:59,22.175,21.7,21.426666666666698,23.95,23.93,21.5,21.6,1
2015-02-05 11:58:59,22.2,21.7,21.445,23.97,23.95,21.5,21.57,1
2015-02-05 12:00:00,22.2,21.675,21.39,24.0,23.89,21.5,21.6,1
2015-02-05 12:01:00,22.2,21.7,21.4725,24.0,23.95,21.5,21.6,1
2015-02-05 12:02:00,22.2,21.7,21.5,24.0,23.92,21.5,21.6,1
2015-02-05 12:03:00,22.2,21.7,21.5,24.0,23.96,21.5,21.6,1
2015-02-05 12:04:00,22.2,21.7,21.5,24.0,23.95,21.5,21.6,1
2015-02-05 12:04:59,22.175,21.7,21.5,24.0,23.89,21.45,21.6,1
2015-02-05 12:06:00,22.2,21.7,21.5,24.0,23.89,21.39,21.6,1
2015-02-05 12:07:00,22.2,21.7,21.5,24.0,23.93,21.39,21.6,1
2015-02-05 12:08:00,22.2,21.7,21.525,24.02,23.92,21.39,21.6,1
2015-02-05 12:08:59,22.2,21.7,21.5,24.0,23.93,21.36,21.6,1
2015-02-05 12:10:00,22.2,21.7,21.5,24.05,23.97,21.29,21.63,1
2015-02-05 12:10:59,22.2,21.7,21.5,24.07,23.96,21.32,21.6,1
2015-02-05 12:11:59,22.2,21.7,21.533333333333307,24.03,24.0,21.29,21.6,1
2015-02-05 12:13:00,22.2,21.7,21.55,24.07,24.0,21.29,21.62,1
2015-02-05 12:14:00,22.26,21.7225,21.5666666666667,24.1,23.95,21.29,21.6,1
2015-02-05 12:15:00,22.29,21.7,21.575,24.1,23.93,21.29,21.62,1
2015-02-05 12:16:00,22.315,21.73,21.575,24.1,23.89,21.29,21.67,1
2015-02-05 12:16:59,22.39,21.79,21.6,24.1,23.92,21.29,21.68,1
2015-02-05 12:17:59,22.39,21.7675,21.5666666666667,24.12,23.89,21.29,21.67,1
2015-02-05 12:19:00,22.426666666666694,21.79,21.525,24.1,23.97,21.29,21.68,1
2015-02-05 12:20:00,22.4725,21.79,21.6,24.1,23.89,21.29,21.63,1
2015-02-05 12:21:00,22.533333333333307,21.79,21.5666666666667,24.1,23.89,21.34,21.7,1
2015-02-05 12:22:00,22.575,21.79,21.575,24.15,23.92,21.45,21.68,1
2015-02-05 12:23:00,22.6,21.79,21.5,24.2,23.89,21.5,21.67,1
2015-02-05 12:23:59,22.6,21.76,21.525,24.2,23.89,21.5,21.7,1
2015-02-05 12:24:59,22.6,21.79,21.5,24.14,23.89,21.5,21.7,1
2015-02-05 12:26:00,22.675,21.79,21.5,24.18,23.89,21.5,21.7,1
2015-02-05 12:27:00,22.6666666666667,21.73,21.5,24.13,23.89,21.53,21.7,1
2015-02-05 12:28:00,22.7,21.745,21.5,24.17,23.89,21.5,21.7,1
2015-02-05 12:29:00,22.7225,21.76,21.5,24.2,23.89,21.53,21.7,1
2015-02-05 12:29:59,22.7,21.7675,21.5,24.2,23.89,21.5,21.68,1
2015-02-05 12:30:59,22.7,21.79,21.5,24.2,23.89,21.57,21.67,1
2015-02-05 12:32:00,22.7,21.745,21.5,24.2,23.89,21.57,21.7,1
2015-02-05 12:33:00,22.7,21.745,21.5,24.23,23.84,21.6,21.7,0
2015-02-05 12:34:00,22.7,21.745,21.5,24.2,23.84,21.6,21.7,0
2015-02-05 12:35:00,22.7,21.745,21.5,24.2,23.89,21.6,21.7,0
2015-02-05 12:36:00,22.675,21.7,21.445,24.2,23.86,21.6,21.7,0
2015-02-05 12:36:59,22.7,21.73,21.5,24.2,23.86,21.6,21.67,0
2015-02-05 12:38:00,22.7,21.73,21.5,24.2,23.84,21.5,21.7,0
2015-02-05 12:39:00,22.7,21.7,21.426666666666698,24.2,23.84,21.55,21.7,0
2015-02-05 12:40:00,22.7,21.7,21.39,24.18,23.82,21.6,21.68,0
2015-02-05 12:40:59,22.675,21.7,21.4175,24.2,23.82,21.57,21.7,0
2015-02-05 12:42:00,22.65,21.7,21.445,24.2,23.79,21.6,21.7,0
2015-02-05 12:42:59,22.6666666666667,21.7,21.39,24.29,23.79,21.6,21.68,0
2015-02-05 12:43:59,22.65,21.7,21.39,24.32,23.82,21.6,21.7,1
2015-02-05 12:45:00,22.625,21.7,21.4725,24.36,23.79,21.62,21.7,1
2015-02-05 12:46:00,22.6,21.7,21.4725,24.39,23.82,21.6,21.7,1
2015-02-05 12:47:00,22.625,21.7,21.5,24.39,23.79,21.6,21.7,1
2015-02-05 12:48:00,22.625,21.7,21.5,24.39,23.79,21.6,21.7,1
2015-02-05 12:49:00,22.6,21.7,21.39,24.36,23.79,21.62,21.7,1
2015-02-05 12:49:59,22.6,21.7,21.426666666666698,24.29,23.79,21.65,21.7,1
2015-02-05 12:51:00,22.6,21.7,21.5,24.32,23.82,21.62,21.7,1
2015-02-05 12:52:00,22.6333333333333,21.7,21.5,24.29,23.82,21.55,21.7,1
2015-02-05 12:53:00,22.65,21.7,21.5,24.34,23.79,21.57,21.7,1
2015-02-05 12:53:59,22.675,21.7,21.5,24.32,23.79,21.5,21.7,1
2015-02-05 12:55:00,22.7225,21.7,21.5,24.29,23.79,21.52,21.7,1
2015-02-05 12:55:59,22.76,21.65,21.5,24.39,23.79,21.5,21.7,0
2015-02-05 12:56:59,22.856666666666694,21.65,21.5,24.34,23.79,21.5,21.7,0
2015-02-05 12:58:00,22.89,21.6,21.5,24.39,23.79,21.5,21.73,0
2015-02-05 12:59:00,22.89,21.6,21.5,24.36,23.79,21.5,21.73,0
2015-02-05 13:00:00,22.89,21.6,21.5,24.32,23.79,21.52,21.72,0
2015-02-05 13:01:00,22.89,21.533333333333307,21.5,24.32,23.79,21.5,21.7,0
2015-02-05 13:01:59,22.89,21.55,21.5,24.34,23.86,21.6,21.7,0
2015-02-05 13:02:59,22.89,21.525,21.5,24.29,23.86,21.57,21.7,0
2015-02-05 13:04:00,22.89,21.5,21.5,24.29,23.86,21.6,21.7,0
2015-02-05 13:05:00,22.89,21.5,21.5,24.29,23.89,21.6,21.7,1
2015-02-05 13:06:00,22.84,21.5,21.5,24.29,23.89,21.6,21.7,1
2015-02-05 13:07:00,22.823333333333306,21.4725,21.5,24.29,23.89,21.57,21.7,1
2015-02-05 13:08:00,22.79,21.445,21.5,24.29,23.89,21.52,21.7,0
2015-02-05 13:08:59,22.79,21.39,21.5,24.29,23.89,21.52,21.7,0
2015-02-05 13:09:59,22.79,21.39,21.5,24.29,23.89,21.55,21.7,0
2015-02-05 13:11:00,22.745,21.39,21.5,24.29,23.89,21.5,21.7,0
2015-02-05 13:12:00,22.7,21.39,21.5,24.24,23.89,21.55,21.7,0
2015-02-05 13:13:00,22.7,21.39,21.5,24.29,23.89,21.5,21.7,0
2015-02-05 13:14:00,22.6666666666667,21.34,21.5,24.22,23.89,21.5,21.7,0
2015-02-05 13:14:59,22.6,21.29,21.4175,24.2,23.89,21.5,21.7,0
2015-02-05 13:15:59,22.6,21.29,21.39,24.2,23.89,21.5,21.7,0
2015-02-05 13:17:00,22.5666666666667,21.29,21.39,24.2,23.89,21.46,21.65,0
2015-02-05 13:18:00,22.525,21.29,21.39,24.2,23.89,21.45,21.7,0
2015-02-05 13:19:00,22.5,21.29,21.39,24.2,23.89,21.5,21.63,0
2015-02-05 13:20:00,22.5,21.29,21.365,24.2,23.89,21.5,21.7,0
2015-02-05 13:21:00,22.4175,21.29,21.29,24.2,23.89,21.5,21.7,0
2015-02-05 13:21:59,22.39,21.29,21.315,24.2,23.89,21.5,21.65,0
2015-02-05 13:23:00,22.39,21.29,21.29,24.2,23.89,21.5,21.7,0
2015-02-05 13:24:00,22.39,21.29,21.29,24.2,23.89,21.5,21.68,0
2015-02-05 13:25:00,22.39,21.29,21.29,24.2,23.89,21.5,21.65,0
2015-02-05 13:25:59,22.39,21.29,21.29,24.2,23.89,21.5,21.68,0
2015-02-05 13:27:00,22.34,21.29,21.29,24.2,23.84,21.5,21.63,0
2015-02-05 13:27:59,22.323333333333306,21.39,21.2675,24.2,23.84,21.53,21.68,0
2015-02-05 13:28:59,22.29,21.39,21.2,24.2,23.86,21.6,21.65,0
2015-02-05 13:30:00,22.29,21.39,21.2,24.2,23.79,21.6,21.7,0
2015-02-05 13:31:00,22.29,21.445,21.2,24.2,23.86,21.6,21.7,0
2015-02-05 13:32:00,22.29,21.5,21.2,24.2,23.82,21.6,21.67,1
2015-02-05 13:33:00,22.29,21.5,21.2,24.2,23.84,21.6,21.68,1
2015-02-05 13:34:00,22.29,21.5,21.1666666666667,24.2,23.79,21.6,21.7,0
2015-02-05 13:34:59,22.2675,21.5,21.15,24.2,23.79,21.65,21.65,0
2015-02-05 13:36:00,22.29,21.5,21.2,24.2,23.79,21.7,21.7,0
2015-02-05 13:37:00,22.29,21.5,21.1333333333333,24.2,23.79,21.6,21.7,0
2015-02-05 13:38:00,22.29,21.5,21.15,24.2,23.79,21.6,21.7,0
2015-02-05 13:38:59,22.29,21.5,21.2,24.2,23.77,21.6,21.7,0
2015-02-05 13:40:00,22.29,21.5,21.2,24.18,23.77,21.65,21.7,0
2015-02-05 13:40:59,22.29,21.5,21.2,24.1,23.7,21.6,21.7,0
2015-02-05 13:41:59,22.315,21.5,21.2,24.15,23.72,21.62,21.7,0
2015-02-05 13:43:00,22.29,21.55,21.2,24.1,23.7,21.57,21.7,0
2015-02-05 13:44:00,22.34,21.6,21.2,24.1,23.75,21.5,21.73,0
2015-02-05 13:45:00,22.315,21.6,21.2,24.1,23.7,21.5,21.72,0
2015-02-05 13:46:00,22.29,21.625,21.2,24.1,23.7,21.5,21.77,0
2015-02-05 13:46:59,22.29,21.7,21.245,24.07,23.75,21.52,21.74,0
2015-02-05 13:47:59,22.29,21.64,21.2675,24.1,23.7,21.5,21.79,0
2015-02-05 13:49:00,22.29,21.7,21.245,24.07,23.7,21.53,21.77,0
2015-02-05 13:50:00,22.29,21.675,21.29,24.0,23.7,21.5,21.77,0
2015-02-05 13:51:00,22.29,21.7,21.245,24.0,23.7,21.5,21.79,0
2015-02-05 13:52:00,22.29,21.6333333333333,21.26,24.02,23.7,21.5,21.77,0
2015-02-05 13:53:00,22.29,21.6666666666667,21.29,24.0,23.63,21.5,21.76,0
2015-02-05 13:53:59,22.29,21.7,21.29,24.0,23.62,21.5,21.77,0
2015-02-05 13:54:59,22.29,21.7,21.29,24.0,23.6,21.47,21.79,0
2015-02-05 13:56:00,22.29,21.7,21.29,24.0,23.6,21.5,21.79,0
2015-02-05 13:57:00,22.29,21.7225,21.29,24.0,23.6,21.47,21.79,0
2015-02-05 13:58:00,22.29,21.745,21.29,24.0,23.6,21.45,21.79,0
2015-02-05 13:59:00,22.29,21.76,21.29,23.95,23.6,21.5,21.79,1
2015-02-05 13:59:59,22.29,21.79,21.34,23.96,23.55,21.5,21.79,1
2015-02-05 14:00:59,22.2675,21.79,21.29,23.95,23.5,21.5,21.79,0
2015-02-05 14:02:00,22.2675,21.7675,21.29,23.89,23.5,21.5,21.79,0
2015-02-05 14:03:00,22.2675,21.7675,21.29,23.89,23.5,21.5,21.79,0
2015-02-05 14:04:00,22.29,21.79,21.365,23.89,23.5,21.5,21.79,0
2015-02-05 14:05:00,22.245,21.79,21.39,23.89,23.5,21.5,21.79,0
2015-02-05 14:06:00,22.29,21.79,21.39,23.89,23.5,21.5,21.79,0
2015-02-05 14:06:59,22.2675,21.76,21.39,23.89,23.42,21.53,21.79,0
2015-02-05 14:08:00,22.2675,21.79,21.39,23.89,23.45,21.57,21.79,0
2015-02-05 14:09:00,22.29,21.79,21.39,23.89,23.47,21.6,21.79,0
2015-02-05 14:10:00,22.23,21.79,21.39,23.89,23.43,21.6,21.79,0
2015-02-05 14:10:59,22.2225,21.79,21.4175,23.86,23.45,21.6,21.79,0
2015-02-05 14:12:00,22.2,21.823333333333306,21.4725,23.87,23.5,21.67,21.84,1
2015-02-05 14:12:59,22.2225,21.89,21.463333333333303,23.82,23.5,21.68,21.84,1
2015-02-05 14:13:59,22.2,21.815,21.5,23.79,23.5,21.7,21.89,1
2015-02-05 14:15:00,22.2,21.89,21.5,23.84,23.5,21.65,21.89,1
2015-02-05 14:16:00,22.2,21.89,21.5,23.79,23.5,21.7,21.89,1
2015-02-05 14:17:00,22.2,21.89,21.5,23.79,23.5,21.67,21.89,1
2015-02-05 14:18:00,22.2,21.89,21.5,23.79,23.5,21.7,21.89,1
2015-02-05 14:19:00,22.2,21.89,21.5,23.79,23.5,21.7,21.89,1
2015-02-05 14:19:59,22.2,21.89,21.525,23.79,23.55,21.7,21.89,1
2015-02-05 14:21:00,22.2,21.945,21.5,23.79,23.5,21.7,21.89,1
2015-02-05 14:22:00,22.2,22.0,21.5,23.79,23.5,21.7,21.95,1
2015-02-05 14:23:00,22.2,22.0,21.525,23.79,23.45,21.7,21.89,1
2015-02-05 14:23:59,22.2,22.0,21.6,23.79,23.47,21.68,21.95,1
2015-02-05 14:25:00,22.2,22.0,21.5666666666667,23.77,23.5,21.63,21.95,1
2015-02-05 14:25:59,22.2,22.0,21.6,23.75,23.5,21.68,22.0,1
2015-02-05 14:26:59,22.245,22.0,21.6333333333333,23.77,23.47,21.6,22.0,1
2015-02-05 14:28:00,22.2,22.0,21.625,23.7,23.45,21.62,22.02,1
2015-02-05 14:29:00,22.2,22.05,21.6666666666667,23.72,23.46,21.7,22.0,1
2015-02-05 14:30:00,22.2,22.0666666666667,21.65,23.7,23.5,21.63,22.0,1
2015-02-05 14:31:00,22.2675,22.1,21.6333333333333,23.7,23.39,21.7,22.0,1
2015-02-05 14:31:59,22.2,22.1,21.7,23.7,23.39,21.68,22.02,1
2015-02-05 14:32:59,22.23,22.1,21.6666666666667,23.7,23.39,21.7,22.02,1
2015-02-05 14:34:00,22.2,22.1,21.7,23.6,23.39,21.7,22.0,1
2015-02-05 14:35:00,22.2675,22.1,21.7,23.6,23.36,21.7,22.05,1
2015-02-05 14:36:00,22.2,22.125,21.7,23.6,23.29,21.72,22.07,1
2015-02-05 14:37:00,22.2,22.15,21.7,23.6,23.29,21.7,22.1,1
2015-02-05 14:38:00,22.245,22.1666666666667,21.745,23.52,23.29,21.7,22.1,1
2015-02-05 14:38:59,22.2225,22.2,21.7,23.5,23.29,21.7,22.1,1
2015-02-05 14:39:59,22.2225,22.2,21.7,23.39,23.29,21.7,22.1,1
2015-02-05 14:41:00,22.29,22.2,21.73,23.39,23.29,21.73,22.1,1
2015-02-05 14:42:00,22.245,22.2,21.745,23.34,23.29,21.73,22.1,1
2015-02-05 14:43:00,22.29,22.2,21.7675,23.29,23.27,21.75,22.1,1
2015-02-05 14:44:00,22.29,22.2,21.76,23.29,23.23,21.75,22.1,1
2015-02-05 14:44:59,22.29,22.2,21.79,23.29,23.2,21.79,22.1,1
2015-02-05 14:45:59,22.315,22.175,21.79,23.2,23.2,21.77,22.1,1
2015-02-05 14:47:00,22.323333333333306,22.2,21.79,23.2,23.2,21.7,22.1,1
2015-02-05 14:48:00,22.29,22.2,21.79,23.2,23.2,21.7,22.1,1
2015-02-05 14:49:00,22.29,22.2,21.815,23.2,23.2,21.7,22.1,1
2015-02-05 14:50:00,22.34,22.2,21.79,23.2,23.18,21.7,22.1,1
2015-02-05 14:51:00,22.39,22.1333333333333,21.84,23.2,23.1,21.7,22.1,1
2015-02-05 14:51:59,22.39,22.1666666666667,21.84,23.2,23.1,21.7,22.1,1
2015-02-05 14:53:00,22.39,22.175,21.84,23.2,23.1,21.68,22.12,1
2015-02-05 14:54:00,22.39,22.2,21.84,23.2,23.1,21.7,22.1,1
2015-02-05 14:55:00,22.39,22.2,21.865,23.17,23.1,21.7,22.12,1
2015-02-05 14:55:59,22.426666666666694,22.2,21.89,23.17,23.1,21.68,22.17,1
2015-02-05 14:57:00,22.445,22.2,21.89,23.15,23.1,21.7,22.17,1
2015-02-05 14:57:59,22.5,22.2,21.89,23.15,23.1,21.7,22.18,1
2015-02-05 14:58:59,22.463333333333306,22.2,21.89,23.1,23.07,21.7,22.17,1
2015-02-05 15:00:00,22.5,22.2,21.89,23.1,23.1,21.68,22.2,1
2015-02-05 15:01:00,22.55,22.2,21.89,23.1,23.1,21.68,22.18,1
2015-02-05 15:02:00,22.5,22.2,21.89,23.1,23.1,21.7,22.17,1
2015-02-05 15:03:00,22.525,22.175,21.89,23.1,23.1,21.7,22.18,1
2015-02-05 15:04:00,22.5,22.1666666666667,21.89,23.05,23.1,21.7,22.18,1
2015-02-05 15:04:59,22.5,22.175,21.89,23.03,23.0,21.73,22.2,1
2015-02-05 15:06:00,22.525,22.2,21.89,23.0,23.0,21.75,22.2,1
2015-02-05 15:07:00,22.575,22.2,21.89,23.0,23.0,21.7,22.2,1
2015-02-05 15:08:00,22.6,22.2,21.89,23.0,23.0,21.79,22.2,1
2015-02-05 15:08:59,22.6,22.2,21.89,23.0,23.0,21.77,22.2,1
2015-02-05 15:10:00,22.5,22.2,21.89,23.0,23.0,21.7,22.2,1
2015-02-05 15:10:59,22.6,22.2,21.9175,23.0,23.0,21.72,22.2,1
2015-02-05 15:11:59,22.55,22.2,21.89,23.0,23.0,21.76,22.2,1
2015-02-05 15:13:00,22.6,22.2,21.9175,22.95,23.0,21.7,22.2,1
2015-02-05 15:14:00,22.6,22.2,21.945,22.95,23.0,21.7,22.2,1
2015-02-05 15:15:00,22.6,22.15,21.89,22.89,23.0,21.75,22.2,1
2015-02-05 15:16:00,22.6,22.2,21.89,22.89,23.0,21.75,22.2,1
2015-02-05 15:16:59,22.6,22.1666666666667,21.945,22.89,23.0,21.77,22.2,1
2015-02-05 15:17:59,22.6,22.125,21.89,22.89,22.97,21.79,22.12,1
2015-02-05 15:19:00,22.6,22.1,21.9175,22.89,22.92,21.72,22.18,1
2015-02-05 15:20:00,22.6,22.1,21.89,22.89,22.89,21.7,22.12,1
2015-02-05 15:21:00,22.6,22.1,21.9175,22.89,22.89,21.7,22.13,1
2015-02-05 15:22:00,22.6,22.1,21.945,22.89,22.89,21.7,22.13,1
2015-02-05 15:23:00,22.575,22.1,21.9175,22.89,22.89,21.7,22.15,1
2015-02-05 15:23:59,22.6,22.1,21.89,22.89,22.89,21.67,22.12,1
2015-02-05 15:24:59,22.55,22.1,21.945,22.79,22.89,21.7,22.17,1
2015-02-05 15:26:00,22.525,22.1,21.926666666666694,22.79,22.84,21.7,22.2,1
2015-02-05 15:27:00,22.5,22.1,21.945,22.79,22.79,21.7,22.15,1
2015-02-05 15:28:00,22.5,22.1,21.9175,22.79,22.79,21.7,22.18,1
2015-02-05 15:29:00,22.525,22.1,21.945,22.75,22.76,21.68,22.2,1
2015-02-05 15:29:59,22.55,22.1,21.945,22.76,22.77,21.7,22.15,1
2015-02-05 15:30:59,22.5,22.075,21.926666666666694,22.75,22.72,21.7,22.15,1
2015-02-05 15:32:00,22.5,22.1,21.89,22.7,22.7,21.65,22.15,1
2015-02-05 15:33:00,22.5,22.05,21.945,22.7,22.73,21.7,22.17,1
2015-02-05 15:34:00,22.5,22.0666666666667,21.89,22.7,22.7,21.68,22.2,1
2015-02-05 15:35:00,22.55,22.075,22.0,22.7,22.7,21.7,22.18,1
2015-02-05 15:36:00,22.5,22.033333333333307,21.963333333333306,22.7,22.7,21.67,22.2,1
2015-02-05 15:36:59,22.5,22.1,22.0,22.7,22.7,21.7,22.18,1
2015-02-05 15:38:00,22.5,22.1,22.0,22.7,22.68,21.7,22.2,1
2015-02-05 15:39:00,22.5,22.1,22.0,22.7,22.6,21.72,22.2,1
2015-02-05 15:40:00,22.5,22.1,22.0,22.6,22.6,21.79,22.18,1
2015-02-05 15:40:59,22.5,22.1,21.9725,22.6,22.6,21.77,22.2,1
2015-02-05 15:42:00,22.5,22.1,21.9725,22.6,22.6,21.82,22.2,1
2015-02-05 15:42:59,22.5,22.1,21.963333333333306,22.6,22.6,21.86,22.2,1
2015-02-05 15:43:59,22.5,22.1,22.0,22.6,22.6,21.89,22.2,1
2015-02-05 15:45:00,22.5,22.1,21.9725,22.6,22.6,21.86,22.2,1
2015-02-05 15:46:00,22.5,22.1,21.9725,22.6,22.6,21.89,22.2,1
2015-02-05 15:47:00,22.4725,22.1,21.89,22.6,22.6,21.89,22.2,1
2015-02-05 15:48:00,22.5,22.1,22.0,22.6,22.6,21.89,22.2,1
2015-02-05 15:49:00,22.5,22.1,22.0,22.6,22.55,21.89,22.2,1
2015-02-05 15:49:59,22.5,22.1,21.9725,22.6,22.5,21.86,22.2,1
2015-02-05 15:51:00,22.5,22.1,21.963333333333306,22.6,22.5,21.89,22.2,1
2015-02-05 15:52:00,22.5,22.0666666666667,22.0,22.6,22.5,21.89,22.2,1
2015-02-05 15:53:00,22.5,22.075,22.0,22.6,22.43,21.89,22.2,1
2015-02-05 15:53:59,22.5,22.05,22.0,22.55,22.45,21.89,22.2,1
2015-02-05 15:55:00,22.5,22.0,21.963333333333306,22.57,22.39,21.89,22.2,1
2015-02-05 15:55:59,22.5,22.0,22.0,22.5,22.39,21.89,22.2,1
2015-02-05 15:56:59,22.5,22.0,22.0,22.5,22.29,21.89,22.22,1
2015-02-05 15:58:00,22.5,22.0,22.0,22.45,22.36,21.89,22.2,1
2015-02-05 15:59:00,22.5,22.0,22.0,22.5,22.39,21.89,22.23,1
2015-02-05 16:00:00,22.5,22.0083333333333,22.0,22.5,22.29,21.89,22.2,1
2015-02-05 16:01:00,22.5,22.016666666666694,22.0,22.5,22.29,21.86,22.25,1
2015-02-05 16:01:59,22.5,22.0,22.0,22.5,22.29,21.89,22.26,1
2015-02-05 16:02:59,22.5,21.9725,22.0,22.39,22.29,21.89,22.22,1
2015-02-05 16:04:00,22.445,22.0,22.0,22.5,22.27,21.89,22.27,1
2015-02-05 16:05:00,22.4175,22.0,22.0,22.39,22.26,21.89,22.25,1
2015-02-05 16:06:00,22.39,22.0,22.0,22.39,22.2,21.89,22.22,1
2015-02-05 16:07:00,22.39,22.0,22.0,22.39,22.2,21.89,22.2,1
2015-02-05 16:08:00,22.39,22.0,22.0,22.39,22.2,21.89,22.22,1
2015-02-05 16:08:59,22.39,22.0,22.0,22.39,22.2,21.89,22.2,1
2015-02-05 16:09:59,22.39,22.0,22.0,22.39,22.18,21.89,22.27,1
2015-02-05 16:11:00,22.39,21.963333333333306,22.0,22.36,22.1,21.89,22.25,1
2015-02-05 16:12:00,22.39,21.9725,22.025,22.36,22.1,21.89,22.25,1
2015-02-05 16:13:00,22.356666666666694,21.963333333333306,22.0,22.34,22.1,21.89,22.29,1
2015-02-05 16:14:00,22.39,21.89,22.0,22.29,22.1,21.89,22.22,1
2015-02-05 16:14:59,22.39,21.89,22.05,22.29,22.1,21.82,22.29,1
2015-02-05 16:15:59,22.39,21.9175,22.0666666666667,22.32,22.07,21.84,22.25,1
2015-02-05 16:17:00,22.39,21.89,22.05,22.29,22.1,21.79,22.23,1
2015-02-05 16:18:00,22.39,21.89,22.025,22.32,22.02,21.82,22.25,1
2015-02-05 16:19:00,22.4175,21.89,22.033333333333307,22.29,22.03,21.82,22.23,1
2015-02-05 16:20:00,22.4725,21.89,22.075,22.32,22.0,21.79,22.22,1
2015-02-05 16:21:00,22.445,21.89,22.075,22.29,22.0,21.79,22.2,1
2015-02-05 16:21:59,22.445,21.89,22.1,22.29,21.92,21.77,22.23,1
2015-02-05 16:23:00,22.426666666666694,21.89,22.1,22.29,21.89,21.77,22.23,1
2015-02-05 16:24:00,22.39,21.89,22.075,22.29,21.89,21.79,22.2,1
2015-02-05 16:25:00,22.426666666666694,21.89,22.05,22.29,21.89,21.76,22.22,1
2015-02-05 16:25:59,22.39,21.865,22.1,22.29,21.89,21.79,22.2,1
2015-02-05 16:27:00,22.39,21.89,22.0666666666667,22.27,21.89,21.77,22.2,1
2015-02-05 16:27:59,22.39,21.865,22.1,22.27,21.89,21.79,22.2,1
2015-02-05 16:28:59,22.39,21.79,22.1,22.23,21.89,21.79,22.2,1
2015-02-05 16:30:00,22.39,21.84,22.1,22.26,21.89,21.79,22.2,1
2015-02-05 16:31:00,22.39,21.79,22.1,22.29,21.86,21.75,22.2,1
2015-02-05 16:32:00,22.39,21.76,22.1,22.25,21.79,21.77,22.2,1
2015-02-05 16:33:00,22.39,21.745,22.1,22.2,21.79,21.77,22.18,1
2015-02-05 16:34:00,22.39,21.79,22.1,22.22,21.79,21.79,22.2,1
2015-02-05 16:34:59,22.39,21.745,22.1,22.22,21.79,21.75,22.15,1
2015-02-05 16:36:00,22.39,21.73,22.1,22.2,21.79,21.7,22.2,1
2015-02-05 16:37:00,22.39,21.7225,22.1,22.2,21.79,21.7,22.17,1
2015-02-05 16:38:00,22.39,21.7225,22.1,22.2,21.79,21.7,22.15,1
2015-02-05 16:38:59,22.39,21.7,22.1,22.2,21.79,21.75,22.15,1
2015-02-05 16:40:00,22.39,21.73,22.1,22.2,21.79,21.7,22.12,1
2015-02-05 16:40:59,22.39,21.7225,22.1,22.2,21.79,21.7,22.12,1
2015-02-05 16:41:59,22.356666666666694,21.745,22.1,22.2,21.79,21.7,22.1,1
2015-02-05 16:43:00,22.39,21.79,22.1,22.2,21.76,21.7,22.17,1
2015-02-05 16:44:00,22.365,21.79,22.1,22.17,21.7,21.68,22.15,1
2015-02-05 16:45:00,22.323333333333306,21.79,22.1,22.18,21.7,21.7,22.17,1
2015-02-05 16:46:00,22.34,21.7675,22.1,22.13,21.7,21.63,22.18,1
2015-02-05 16:46:59,22.34,21.7675,22.1,22.1,21.7,21.6,22.15,1
2015-02-05 16:47:59,22.323333333333306,21.79,22.1,22.15,21.7,21.68,22.15,1
2015-02-05 16:49:00,22.365,21.79,22.1,22.15,21.7,21.63,22.15,1
2015-02-05 16:50:00,22.315,21.79,22.1,22.1,21.68,21.7,22.15,1
2015-02-05 16:51:00,22.34,21.7675,22.1,22.1,21.7,21.7,22.12,1
2015-02-05 16:52:00,22.29,21.76,22.1,22.1,21.65,21.68,22.13,1
2015-02-05 16:53:00,22.29,21.7225,22.1,22.1,21.7,21.68,22.1,1
2015-02-05 16:53:59,22.29,21.745,22.1,22.1,21.7,21.7,22.1,1
2015-02-05 16:54:59,22.29,21.7,22.1,22.07,21.67,21.7,22.12,1
2015-02-05 16:56:00,22.29,21.745,22.1,22.07,21.68,21.7,22.13,1
2015-02-05 16:57:00,22.315,21.7225,22.1,22.1,21.65,21.7,22.1,1
2015-02-05 16:58:00,22.29,21.79,22.1,22.1,21.6,21.7,22.13,1
2015-02-05 16:59:00,22.29,21.79,22.1,22.07,21.63,21.79,22.1,1
2015-02-05 16:59:59,22.29,21.7675,22.1,22.0,21.62,21.79,22.1,1
2015-02-05 17:00:59,22.2675,21.79,22.1,22.03,21.6,21.79,22.15,1
2015-02-05 17:02:00,22.29,21.79,22.1,22.05,21.57,21.79,22.15,1
2015-02-05 17:03:00,22.29,21.7675,22.1,22.0,21.6,21.79,22.17,1
2015-02-05 17:04:00,22.29,21.79,22.1,22.0,21.6,21.79,22.15,1
2015-02-05 17:05:00,22.245,21.7675,22.1,22.0,21.6,21.79,22.15,1
2015-02-05 17:06:00,22.23,21.7675,22.1,22.0,21.57,21.79,22.12,1
2015-02-05 17:06:59,22.29,21.79,22.1,22.0,21.53,21.77,22.12,1
2015-02-05 17:08:00,22.245,21.79,22.1,21.96,21.5,21.79,22.1,1
2015-02-05 17:09:00,22.2675,21.79,22.1,22.0,21.52,21.79,22.1,1
2015-02-05 17:10:00,22.29,21.79,22.1,22.0,21.53,21.84,22.1,1
2015-02-05 17:10:59,22.2675,21.79,22.1,22.0,21.52,21.86,22.12,1
2015-02-05 17:12:00,22.245,21.79,22.1,22.0,21.53,21.89,22.12,1
2015-02-05 17:12:59,22.29,21.79,22.1,22.0,21.5,21.89,22.1,1
2015-02-05 17:13:59,22.29,21.79,22.1,21.97,21.5,21.95,22.1,1
2015-02-05 17:15:00,22.29,21.84,22.1,21.97,21.5,21.89,22.1,1
2015-02-05 17:16:00,22.29,21.84,22.1,21.89,21.5,21.97,22.12,1
2015-02-05 17:17:00,22.29,21.79,22.1,21.95,21.5,22.0,22.1,1
2015-02-05 17:18:00,22.245,21.79,22.1,21.97,21.5,22.0,22.13,1
2015-02-05 17:19:00,22.29,21.79,22.1,21.95,21.5,21.95,22.12,1
2015-02-05 17:19:59,22.29,21.745,22.1,22.0,21.5,21.93,22.12,1
2015-02-05 17:21:00,22.29,21.7225,22.1333333333333,22.0,21.5,21.95,22.12,1
2015-02-05 17:22:00,22.29,21.7,22.1,22.0,21.5,21.92,22.2,1
2015-02-05 17:23:00,22.29,21.7,22.1,22.0,21.46,21.96,22.15,1
2015-02-05 17:23:59,22.2225,21.7,22.1,22.0,21.5,21.92,22.15,1
2015-02-05 17:25:00,22.26,21.7,22.1,22.0,21.45,21.93,22.15,1
2015-02-05 17:25:59,22.245,21.7,22.1,22.0,21.42,22.0,22.15,1
2015-02-05 17:26:59,22.245,21.7,22.1,22.0,21.39,22.0,22.15,1
2015-02-05 17:28:00,22.2225,21.7,22.1,21.97,21.39,22.0,22.1,1
2015-02-05 17:29:00,22.2,21.7,22.175,21.95,21.45,22.0,22.1,1
2015-02-05 17:30:00,22.2,21.7,22.175,22.0,21.39,21.96,22.13,1
2015-02-05 17:31:00,22.2,21.7,22.23,22.0,21.39,22.0,22.1,1
2015-02-05 17:31:59,22.2,21.6666666666667,22.245,22.0,21.39,22.0,22.15,1
2015-02-05 17:32:59,22.2,21.625,22.245,22.0,21.32,22.0,22.17,1
2015-02-05 17:34:00,22.2,21.6,22.29,22.0,21.29,22.0,22.15,1
2015-02-05 17:35:00,22.2,21.6,22.2675,22.0,21.32,22.0,22.17,1
2015-02-05 17:36:00,22.2,21.6,22.2,22.0,21.32,22.0,22.2,1
2015-02-05 17:37:00,22.2,21.6,22.2,21.96,21.29,22.0,22.18,1
2015-02-05 17:38:00,22.2,21.6,22.2,21.92,21.29,22.0,22.2,1
2015-02-05 17:38:59,22.2,21.6,22.2,21.92,21.32,22.0,22.18,1
2015-02-05 17:39:59,22.2,21.6,22.15,21.95,21.29,22.0,22.18,1
2015-02-05 17:41:00,22.175,21.6,22.125,21.89,21.29,22.0,22.2,1
2015-02-05 17:42:00,22.175,21.6,22.1,21.92,21.29,22.0,22.17,1
2015-02-05 17:43:00,22.2,21.6,22.125,21.89,21.29,21.96,22.18,1
2015-02-05 17:44:00,22.1333333333333,21.6,22.1,21.89,21.29,21.97,22.2,1
2015-02-05 17:44:59,22.15,21.625,22.1,21.89,21.29,21.96,22.2,1
2015-02-05 17:45:59,22.1333333333333,21.65,22.1,21.89,21.29,21.95,22.2,1
2015-02-05 17:47:00,22.1,21.6666666666667,22.1,21.89,21.29,21.97,22.2,1
2015-02-05 17:48:00,22.1,21.65,22.1,21.89,21.29,21.89,22.2,1
2015-02-05 17:49:00,22.1,21.675,22.1,21.89,21.29,21.95,22.2,1
2015-02-05 17:50:00,22.125,21.7,22.1,21.89,21.29,22.0,22.2,1
2015-02-05 17:51:00,22.1333333333333,21.7,22.1,21.89,21.29,21.96,22.2,1
2015-02-05 17:51:59,22.125,21.6333333333333,22.1,21.89,21.23,22.0,22.2,1
2015-02-05 17:53:00,22.1,21.675,22.1,21.89,21.27,21.93,22.2,1
2015-02-05 17:54:00,22.1,21.7,22.1,21.89,21.29,22.0,22.2,1
2015-02-05 17:55:00,22.1,21.7,22.1,21.89,21.25,21.97,22.2,1
2015-02-05 17:55:59,22.0666666666667,21.625,22.1,21.89,21.22,21.95,22.2,1
2015-02-05 17:57:00,22.025,21.65,22.1,21.89,21.29,21.89,22.2,1
2015-02-05 17:57:59,22.0,21.65,22.1,21.89,21.25,21.92,22.2,1
2015-02-05 17:58:59,22.0,21.7,22.1,21.89,21.25,21.95,22.2,1
2015-02-05 18:00:00,22.0,21.7,22.075,21.89,21.29,21.89,22.2,1
2015-02-05 18:01:00,22.025,21.7,22.1,21.89,21.29,21.89,22.2,1
2015-02-05 18:02:00,22.0,21.7,22.1,21.89,21.25,21.89,22.2,1
2015-02-05 18:03:00,22.075,21.7,22.0666666666667,21.89,21.2,21.89,22.2,1
2015-02-05 18:04:00,22.025,21.7,22.1,21.89,21.27,21.89,22.2,1
2015-02-05 18:04:59,22.0,21.7,22.1,21.89,21.29,21.89,22.2,0
2015-02-05 18:06:00,22.0,21.7,22.033333333333307,21.89,21.29,21.89,22.17,0
2015-02-05 18:07:00,22.0,21.7,22.0,21.89,21.29,21.89,22.1,0
2015-02-05 18:08:00,21.945,21.675,22.05,21.89,21.29,21.84,22.1,0
2015-02-05 18:08:59,21.89,21.65,22.0,21.89,21.39,21.79,22.1,0
2015-02-05 18:10:00,21.89,21.6,22.0,21.89,21.34,21.79,22.1,0
2015-02-05 18:10:59,21.84,21.533333333333307,21.89,21.89,21.39,21.79,22.1,0
2015-02-05 18:11:59,21.84,21.5,21.89,21.89,21.34,21.84,22.1,0
2015-02-05 18:13:00,21.79,21.5,21.89,21.89,21.29,21.84,22.1,0
2015-02-05 18:14:00,21.79,21.5,21.89,21.89,21.36,21.79,22.1,0
2015-02-05 18:15:00,21.79,21.5,21.89,21.89,21.39,21.79,22.05,0
2015-02-05 18:16:00,21.745,21.5,21.84,21.89,21.39,21.79,22.1,0
2015-02-05 18:16:59,21.7,21.445,21.79,21.89,21.34,21.79,22.03,0
2015-02-05 18:17:59,21.7,21.39,21.79,21.89,21.34,21.79,22.02,0
2015-02-05 18:19:00,21.7,21.39,21.79,21.89,21.39,21.79,22.0,0
2015-02-05 18:20:00,21.7,21.39,21.79,21.89,21.39,21.79,22.0,0
2015-02-05 18:21:00,21.7,21.39,21.73,21.89,21.32,21.7,22.0,0
2015-02-05 18:22:00,21.6,21.39,21.745,21.89,21.29,21.7,22.0,0
2015-02-05 18:23:00,21.7,21.323333333333302,21.7,21.89,21.29,21.7,21.89,0
2015-02-05 18:23:59,21.6,21.323333333333302,21.7,21.84,21.29,21.7,21.89,0
2015-02-05 18:24:59,21.6,21.29,21.7,21.84,21.29,21.7,21.89,0
2015-02-05 18:26:00,21.6,21.29,21.7,21.82,21.29,21.7,21.89,0
2015-02-05 18:27:00,21.55,21.29,21.6333333333333,21.79,21.29,21.7,21.89,0
2015-02-05 18:28:00,21.55,21.2,21.6,21.79,21.29,21.6,21.89,0
2015-02-05 18:29:00,21.5666666666667,21.2,21.6,21.79,21.29,21.7,21.89,0
2015-02-05 18:29:59,21.55,21.2,21.6,21.79,21.29,21.6,21.89,0
2015-02-05 18:30:59,21.5,21.2,21.55,21.79,21.29,21.6,21.89,0
2015-02-05 18:32:00,21.5,21.175,21.55,21.79,21.29,21.6,21.89,0
2015-02-05 18:33:00,21.5,21.1,21.533333333333307,21.75,21.29,21.5,21.89,0
2015-02-05 18:34:00,21.5,21.1,21.55,21.79,21.29,21.5,21.84,0
2015-02-05 18:35:00,21.5,21.1,21.5,21.79,21.29,21.5,21.79,0
2015-02-05 18:36:00,21.39,21.1,21.5,21.75,21.29,21.5,21.79,0
2015-02-05 18:36:59,21.39,21.1,21.5,21.7,21.25,21.5,21.79,0
2015-02-05 18:38:00,21.39,21.05,21.5,21.7,21.29,21.5,21.79,0
2015-02-05 18:39:00,21.39,21.0,21.39,21.7,21.29,21.5,21.76,0
2015-02-05 18:40:00,21.34,21.0,21.445,21.7,21.29,21.5,21.7,0
2015-02-05 18:40:59,21.29,21.0,21.39,21.7,21.29,21.5,21.7,0
2015-02-05 18:42:00,21.323333333333302,21.0,21.39,21.7,21.25,21.39,21.7,0
2015-02-05 18:42:59,21.34,21.0,21.39,21.7,21.29,21.34,21.7,0
2015-02-05 18:43:59,21.34,21.0,21.39,21.7,21.25,21.34,21.7,0
2015-02-05 18:45:00,21.29,21.0,21.34,21.7,21.26,21.29,21.7,0
2015-02-05 18:46:00,21.29,20.89,21.29,21.67,21.25,21.29,21.7,0
2015-02-05 18:47:00,21.245,20.926666666666698,21.29,21.7,21.23,21.29,21.7,0
2015-02-05 18:48:00,21.2,21.0,21.29,21.6,21.2,21.29,21.7,0
2015-02-05 18:49:00,21.2,21.0,21.29,21.7,21.2,21.29,21.7,0
2015-02-05 18:49:59,21.245,21.0,21.29,21.65,21.2,21.29,21.7,0
2015-02-05 18:51:00,21.29,20.89,21.29,21.6,21.2,21.29,21.65,0
2015-02-05 18:52:00,21.29,21.0,21.2,21.6,21.2,21.29,21.6,0
2015-02-05 18:53:00,21.29,20.89,21.2,21.6,21.2,21.29,21.6,0
2015-02-05 18:53:59,21.29,20.89,21.2,21.6,21.2,21.2,21.6,0
2015-02-05 18:55:00,21.2,20.89,21.2,21.6,21.2,21.2,21.6,0
2015-02-05 18:55:59,21.2,20.89,21.2,21.6,21.18,21.2,21.6,0
2015-02-05 18:56:59,21.2,20.945,21.2,21.6,21.2,21.1,21.6,0
2015-02-05 18:58:00,21.2,20.89,21.2,21.57,21.1,21.1,21.6,0
2015-02-05 18:59:00,21.2,20.89,21.1,21.5,21.17,21.1,21.53,0
2015-02-05 19:00:00,21.2,21.0,21.1,21.5,21.1,21.1,21.5,0
2015-02-05 19:01:00,21.2,20.945,21.1,21.5,21.2,21.03,21.5,0
2015-02-05 19:01:59,21.2,20.963333333333303,21.1,21.5,21.13,21.1,21.5,0
2015-02-05 19:02:59,21.2,20.945,21.0,21.5,21.1,21.1,21.5,0
2015-02-05 19:04:00,21.2,21.0,21.05,21.5,21.15,21.1,21.5,0
2015-02-05 19:05:00,21.2,20.89,21.0,21.5,21.15,21.05,21.5,0
2015-02-05 19:06:00,21.2,20.89,21.0,21.5,21.1,21.0,21.5,0
2015-02-05 19:07:00,21.29,20.79,21.0,21.5,21.1,21.0,21.45,0
2015-02-05 19:08:00,21.29,20.84,21.0,21.5,21.1,21.0,21.5,0
2015-02-05 19:08:59,21.29,20.79,21.0,21.5,21.1,21.0,21.45,0
2015-02-05 19:09:59,21.29,20.79,21.0,21.5,21.1,20.89,21.39,0
2015-02-05 19:11:00,21.29,20.79,21.0,21.5,21.1,20.95,21.39,0
2015-02-05 19:12:00,21.29,20.7,20.945,21.5,21.1,20.89,21.39,0
2015-02-05 19:13:00,21.29,20.79,20.89,21.39,21.1,20.89,21.39,0
2015-02-05 19:14:00,21.29,20.745,20.89,21.5,21.05,20.84,21.34,0
2015-02-05 19:14:59,21.245,20.7,20.89,21.45,21.0,20.79,21.36,0
2015-02-05 19:15:59,21.2,20.7,20.945,21.5,21.0,20.79,21.29,0
2015-02-05 19:17:00,21.2,20.7,20.89,21.45,21.0,20.79,21.29,0
2015-02-05 19:18:00,21.2,20.7,20.89,21.5,21.0,20.79,21.29,0
2015-02-05 19:19:00,21.2,20.7,20.89,21.5,21.0,20.75,21.29,0
2015-02-05 19:20:00,21.2,20.7,20.89,21.5,21.0,20.7,21.29,0
2015-02-05 19:21:00,21.2,20.6333333333333,20.89,21.5,20.96,20.7,21.29,0
2015-02-05 19:21:59,21.1,20.6,20.823333333333302,21.46,21.0,20.7,21.27,0
2015-02-05 19:23:00,21.1,20.6,20.79,21.5,20.95,20.7,21.29,0
2015-02-05 19:24:00,21.1,20.6,20.79,21.45,20.96,20.7,21.29,0
2015-02-05 19:25:00,21.1,20.6,20.79,21.39,21.0,20.7,21.2,0
2015-02-05 19:25:59,21.15,20.6,20.79,21.5,20.93,20.7,21.2,0
2015-02-05 19:27:00,21.1,20.6333333333333,20.79,21.39,20.89,20.67,21.2,0
2015-02-05 19:27:59,21.15,20.6,20.79,21.5,20.89,20.67,21.2,0
2015-02-05 19:28:59,21.15,20.6,20.7,21.45,20.89,20.6,21.2,0
2015-02-05 19:30:00,21.2,20.65,20.7,21.43,20.89,20.6,21.2,0
2015-02-05 19:31:00,21.2,20.6,20.7,21.39,20.89,20.6,21.2,0
2015-02-05 19:32:00,21.2,20.5,20.7,21.39,20.89,20.6,21.17,0
2015-02-05 19:33:00,21.2,20.5,20.7,21.5,20.89,20.65,21.2,0
2015-02-05 19:34:00,21.2,20.5,20.7,21.39,20.89,20.65,21.2,0
2015-02-05 19:34:59,21.2,20.39,20.7,21.39,20.89,20.6,21.2,0
2015-02-05 19:36:00,21.2,20.34,20.7,21.39,20.89,20.7,21.15,0
2015-02-05 19:37:00,21.2,20.39,20.7,21.39,20.84,20.7,21.1,0
2015-02-05 19:38:00,21.2,20.39,20.7,21.39,20.84,20.65,21.1,0
2015-02-05 19:38:59,21.15,20.39,20.7,21.39,20.79,20.65,21.13,0
2015-02-05 19:40:00,21.1,20.39,20.7,21.39,20.89,20.7,21.1,0
2015-02-05 19:40:59,21.1,20.5,20.7,21.39,20.86,20.65,21.1,0
2015-02-05 19:41:59,21.1,20.5,20.7675,21.34,20.79,20.7,21.1,0
2015-02-05 19:43:00,21.1,20.445,20.73,21.34,20.84,20.7,21.1,0
2015-02-05 19:44:00,21.175,20.39,20.7,21.39,20.79,20.6,21.1,0
2015-02-05 19:45:00,21.2,20.39,20.7,21.32,20.79,20.7,21.1,0
2015-02-05 19:46:00,21.1,20.5,20.7,21.39,20.79,20.67,21.13,0
2015-02-05 19:46:59,21.1,20.445,20.7,21.29,20.79,20.7,21.1,0
2015-02-05 19:47:59,21.1,20.39,20.7,21.29,20.79,20.67,21.1,0
2015-02-05 19:49:00,21.075,20.39,20.7,21.36,20.79,20.7,21.1,0
2015-02-05 19:50:00,21.05,20.445,20.7,21.29,20.79,20.7,21.1,0
2015-02-05 19:51:00,21.1,20.5,20.6666666666667,21.29,20.75,20.7,21.1,0
2015-02-05 19:52:00,21.15,20.5,20.7,21.29,20.75,20.7,21.1,0
2015-02-05 19:53:00,21.15,20.5,20.7,21.29,20.7,20.68,21.1,0
2015-02-05 19:53:59,21.2,20.5,20.7,21.29,20.75,20.6,21.1,0
2015-02-05 19:54:59,21.175,20.5,20.6666666666667,21.29,20.7,20.7,21.1,0
2015-02-05 19:56:00,21.1666666666667,20.5,20.6333333333333,21.29,20.73,20.67,21.1,0
2015-02-05 19:57:00,21.15,20.39,20.6333333333333,21.29,20.7,20.6,21.1,0
2015-02-05 19:58:00,21.1,20.39,20.6,21.29,20.7,20.65,21.0,0
2015-02-05 19:59:00,21.2,20.39,20.6,21.29,20.7,20.65,21.1,0
2015-02-05 19:59:59,21.2,20.39,20.6,21.29,20.7,20.6,21.05,0
2015-02-05 20:00:59,21.15,20.39,20.6,21.29,20.7,20.6,21.1,0
2015-02-05 20:02:00,21.1666666666667,20.39,20.6,21.29,20.7,20.6,21.05,0
2015-02-05 20:03:00,21.1,20.39,20.6,21.29,20.7,20.6,21.0,0
2015-02-05 20:04:00,21.2,20.39,20.6,21.25,20.7,20.6,21.05,0
2015-02-05 20:05:00,21.2,20.39,20.6,21.23,20.7,20.6,21.1,0
2015-02-05 20:06:00,21.2,20.39,20.6,21.29,20.7,20.57,21.0,0
2015-02-05 20:06:59,21.2,20.39,20.5,21.29,20.7,20.5,21.0,0
2015-02-05 20:08:00,21.2,20.39,20.6,21.2,20.7,20.55,21.0,0
2015-02-05 20:09:00,21.2,20.445,20.6,21.26,20.65,20.5,21.0,0
2015-02-05 20:10:00,21.2,20.5,20.5666666666667,21.25,20.6,20.5,21.0,0
2015-02-05 20:10:59,21.2,20.5,20.55,21.23,20.7,20.5,21.0,0
2015-02-05 20:12:00,21.2,20.445,20.55,21.2,20.6,20.5,21.0,0
2015-02-05 20:12:59,21.2,20.39,20.5,21.2,20.7,20.5,21.0,0
2015-02-05 20:13:59,21.2,20.39,20.5,21.2,20.6,20.5,21.0,0
2015-02-05 20:15:00,21.2,20.39,20.5,21.2,20.6,20.5,21.0,0
2015-02-05 20:16:00,21.2,20.39,20.5,21.2,20.6,20.5,21.0,0
2015-02-05 20:17:00,21.2,20.39,20.5,21.2,20.6,20.5,21.0,0
2015-02-05 20:18:00,21.2,20.39,20.5,21.2,20.6,20.5,21.0,0
2015-02-05 20:19:00,21.2,20.39,20.5,21.2,20.6,20.5,21.0,0
2015-02-05 20:19:59,21.2,20.39,20.5,21.2,20.6,20.5,20.92,0
2015-02-05 20:21:00,21.2,20.39,20.5,21.2,20.6,20.55,21.0,0
2015-02-05 20:22:00,21.2,20.29,20.5,21.2,20.6,20.55,20.93,0
2015-02-05 20:23:00,21.2,20.29,20.5,21.2,20.6,20.55,21.0,0
2015-02-05 20:23:59,21.2,20.29,20.5,21.2,20.5,20.5,21.0,0
2015-02-05 20:25:00,21.2,20.29,20.5,21.2,20.6,20.6,21.0,0
2015-02-05 20:25:59,21.2,20.29,20.5,21.2,20.55,20.5,21.0,0
2015-02-05 20:26:59,21.2,20.2675,20.525,21.23,20.6,20.6,20.95,0
2015-02-05 20:28:00,21.15,20.245,20.5,21.2,20.53,20.6,20.95,0
2015-02-05 20:29:00,21.2,20.245,20.5,21.2,20.5,20.6,20.97,0
2015-02-05 20:30:00,21.2,20.29,20.5,21.23,20.5,20.5,21.0,0
2015-02-05 20:31:00,21.2,20.245,20.5,21.2,20.55,20.5,20.96,0
2015-02-05 20:31:59,21.2,20.29,20.5,21.2,20.5,20.5,21.0,0
2015-02-05 20:32:59,21.2,20.29,20.5,21.2,20.5,20.5,20.95,0
2015-02-05 20:34:00,21.2,20.29,20.5,21.2,20.5,20.5,21.0,0
2015-02-05 20:35:00,21.2,20.29,20.5,21.2,20.5,20.5,21.0,0
2015-02-05 20:36:00,21.2,20.29,20.5,21.2,20.5,20.5,20.95,0
2015-02-05 20:37:00,21.2,20.26,20.5,21.2,20.5,20.5,21.0,0
2015-02-05 20:38:00,21.2,20.29,20.55,21.25,20.5,20.39,21.0,0
2015-02-05 20:38:59,21.2,20.29,20.5,21.2,20.5,20.45,21.0,0
2015-02-05 20:39:59,21.15,20.29,20.5,21.2,20.5,20.39,21.0,0
2015-02-05 20:41:00,21.1666666666667,20.29,20.55,21.2,20.5,20.39,21.0,0
2015-02-05 20:42:00,21.1,20.29,20.5,21.2,20.5,20.39,21.0,0
2015-02-05 20:43:00,21.1,20.29,20.5,21.2,20.5,20.39,21.0,0
2015-02-05 20:44:00,21.1,20.29,20.5,21.2,20.5,20.39,21.0,0
2015-02-05 20:44:59,21.1,20.29,20.5,21.2,20.5,20.39,20.95,0
2015-02-05 20:45:59,21.033333333333303,20.245,20.5,21.2,20.5,20.39,21.0,0
2015-02-05 20:47:00,21.0,20.2,20.5,21.2,20.5,20.39,21.0,0
2015-02-05 20:48:00,21.0,20.2,20.5,21.2,20.5,20.39,21.0,0
2015-02-05 20:49:00,21.0,20.29,20.5,21.23,20.5,20.39,21.0,0
2015-02-05 20:50:00,21.0,20.2,20.55,21.29,20.45,20.29,21.0,0
2015-02-05 20:51:00,21.0,20.2,20.5,21.2,20.47,20.36,21.0,0
2015-02-05 20:51:59,21.0,20.2,20.5,21.2,20.5,20.39,21.0,0
2015-02-05 20:53:00,21.0,20.15,20.5,21.2,20.39,20.39,21.0,0
2015-02-05 20:54:00,21.0,20.2,20.5,21.2,20.5,20.39,21.0,0
2015-02-05 20:55:00,21.0,20.2,20.5,21.2,20.5,20.39,21.0,0
2015-02-05 20:55:59,21.0,20.2,20.5,21.2,20.45,20.39,21.0,0
2015-02-05 20:57:00,21.0,20.15,20.5,21.2,20.45,20.39,21.0,0
2015-02-05 20:57:59,21.0,20.2,20.5,21.2,20.5,20.39,21.0,0
2015-02-05 20:58:59,20.9725,20.2,20.5,21.2,20.45,20.39,21.0,0
2015-02-05 21:00:00,21.0,20.2,20.5,21.2,20.39,20.39,21.0,0
2015-02-05 21:01:00,20.963333333333303,20.2,20.5,21.2,20.39,20.39,21.0,0
2015-02-05 21:02:00,21.0,20.2,20.5,21.2,20.39,20.39,20.95,0
2015-02-05 21:03:00,20.89,20.2,20.5,21.2,20.39,20.39,21.0,0
2015-02-05 21:04:00,20.963333333333303,20.2,20.5,21.2,20.39,20.39,21.0,0
2015-02-05 21:04:59,21.0,20.2,20.5,21.2,20.39,20.39,21.0,0
2015-02-05 21:06:00,20.89,20.2,20.5,21.25,20.39,20.43,20.96,0
2015-02-05 21:07:00,20.89,20.2,20.5,21.2,20.39,20.39,21.0,0
2015-02-05 21:08:00,20.89,20.2,20.5,21.2,20.39,20.39,20.96,0
2015-02-05 21:08:59,20.89,20.2,20.5,21.2,20.39,20.39,21.0,0
2015-02-05 21:10:00,20.89,20.2,20.5,21.2,20.39,20.39,20.95,0
2015-02-05 21:10:59,20.89,20.15,20.5,21.2,20.39,20.39,20.89,0
2015-02-05 21:11:59,20.89,20.2,20.5,21.15,20.39,20.39,21.0,0
2015-02-05 21:13:00,20.89,20.2,20.5,21.2,20.39,20.39,20.95,0
2015-02-05 21:14:00,20.89,20.2,20.5,21.2,20.39,20.39,20.89,0
2015-02-05 21:15:00,20.89,20.2,20.5,21.13,20.39,20.39,20.89,0
2015-02-05 21:16:00,20.89,20.15,20.5,21.2,20.39,20.39,20.89,0
2015-02-05 21:16:59,20.89,20.1333333333333,20.5,21.2,20.39,20.34,20.89,0
2015-02-05 21:17:59,20.89,20.15,20.5,21.2,20.39,20.39,20.89,0
2015-02-05 21:19:00,20.89,20.1666666666667,20.5,21.17,20.39,20.39,20.89,0
2015-02-05 21:20:00,20.89,20.2,20.5,21.2,20.39,20.39,20.89,0
2015-02-05 21:21:00,20.89,20.2,20.5,21.2,20.39,20.39,20.89,0
2015-02-05 21:22:00,20.89,20.1,20.5,21.2,20.39,20.39,20.89,0
2015-02-05 21:23:00,20.79,20.2,20.5,21.2,20.39,20.39,20.89,0
2015-02-05 21:23:59,20.89,20.2,20.5,21.15,20.34,20.39,20.89,0
2015-02-05 21:24:59,20.89,20.2,20.5,21.15,20.39,20.39,20.95,0
2015-02-05 21:26:00,20.89,20.15,20.5,21.15,20.36,20.39,20.89,0
2015-02-05 21:27:00,20.89,20.2,20.5,21.2,20.39,20.39,20.89,0
2015-02-05 21:28:00,20.89,20.2,20.5,21.2,20.39,20.39,20.89,0
2015-02-05 21:29:00,20.89,20.2,20.5,21.13,20.29,20.39,20.89,0
2015-02-05 21:29:59,20.89,20.2,20.5,21.15,20.29,20.39,20.89,0
2015-02-05 21:30:59,20.89,20.2,20.5,21.13,20.39,20.34,20.89,0
2015-02-05 21:32:00,20.79,20.2,20.5,21.13,20.39,20.39,20.89,0
2015-02-05 21:33:00,20.89,20.2,20.5,21.1,20.29,20.39,20.89,0
2015-02-05 21:34:00,20.79,20.2,20.5,21.15,20.34,20.39,20.89,0
2015-02-05 21:35:00,20.79,20.2,20.5,21.1,20.29,20.39,20.89,0
2015-02-05 21:36:00,20.79,20.2,20.5,21.1,20.34,20.39,20.89,0
2015-02-05 21:36:59,20.79,20.2,20.5,21.15,20.29,20.34,20.89,0
2015-02-05 21:38:00,20.79,20.15,20.5,21.1,20.29,20.29,20.89,0
2015-02-05 21:39:00,20.79,20.1666666666667,20.5,21.1,20.29,20.34,20.89,0
2015-02-05 21:40:00,20.79,20.2,20.5,21.1,20.29,20.34,20.89,0
2015-02-05 21:40:59,20.79,20.2,20.5,21.1,20.29,20.29,20.89,0
2015-02-05 21:42:00,20.79,20.2,20.5,21.1,20.29,20.29,20.89,0
2015-02-05 21:42:59,20.745,20.2,20.5,21.1,20.29,20.32,20.89,0
2015-02-05 21:43:59,20.79,20.2,20.5,21.1,20.29,20.34,20.89,0
2015-02-05 21:45:00,20.745,20.2,20.5,21.1,20.29,20.29,20.89,0
2015-02-05 21:46:00,20.7,20.2,20.5,21.1,20.29,20.34,20.89,0
2015-02-05 21:47:00,20.745,20.2,20.5,21.1,20.29,20.34,20.89,0
2015-02-05 21:48:00,20.7,20.2,20.5,21.1,20.25,20.32,20.89,0
2015-02-05 21:49:00,20.7,20.1,20.5,21.05,20.29,20.29,20.89,0
2015-02-05 21:49:59,20.7,20.2,20.463333333333303,21.1,20.29,20.34,20.89,0
2015-02-05 21:51:00,20.7,20.2,20.5,21.1,20.29,20.39,20.89,0
2015-02-05 21:52:00,20.7,20.2,20.5,21.1,20.29,20.36,20.89,0
2015-02-05 21:53:00,20.7,20.15,20.5,21.1,20.26,20.39,20.89,0
2015-02-05 21:53:59,20.7,20.15,20.5,21.07,20.29,20.39,20.89,0
2015-02-05 21:55:00,20.7,20.1333333333333,20.5,21.1,20.29,20.39,20.79,0
2015-02-05 21:55:59,20.7,20.05,20.5,21.1,20.29,20.39,20.84,0
2015-02-05 21:56:59,20.7,20.05,20.5,21.1,20.25,20.43,20.82,0
2015-02-05 21:58:00,20.7,20.0,20.5,21.05,20.29,20.5,20.79,0
2015-02-05 21:59:00,20.7,20.1,20.5,21.1,20.2,20.39,20.79,0
2015-02-05 22:00:00,20.7,20.1,20.5,21.03,20.2,20.39,20.84,0
2015-02-05 22:01:00,20.7,20.1,20.5,21.0,20.2,20.39,20.79,0
2015-02-05 22:01:59,20.6333333333333,20.05,20.5,21.05,20.25,20.39,20.84,0
2015-02-05 22:02:59,20.7,20.05,20.463333333333303,21.05,20.25,20.39,20.89,0
2015-02-05 22:04:00,20.65,20.05,20.5,21.05,20.26,20.39,20.79,0
2015-02-05 22:05:00,20.6,20.0,20.5,21.1,20.29,20.39,20.84,0
2015-02-05 22:06:00,20.65,20.0,20.5,21.1,20.2,20.39,20.89,0
2015-02-05 22:07:00,20.6,20.0,20.5,21.0,20.2,20.39,20.79,0
2015-02-05 22:08:00,20.6,20.1,20.5,21.05,20.2,20.39,20.79,0
2015-02-05 22:08:59,20.6,20.0,20.5,21.0,20.2,20.39,20.82,0
2015-02-05 22:09:59,20.6,20.0,20.445,21.0,20.2,20.39,20.89,0
2015-02-05 22:11:00,20.6,20.1,20.5,21.0,20.2,20.34,20.89,0
2015-02-05 22:12:00,20.6,19.945,20.5,21.0,20.2,20.29,20.89,0
2015-02-05 22:13:00,20.6,20.0,20.5,21.0,20.2,20.39,20.89,0
2015-02-05 22:14:00,20.6,20.0,20.5,21.0,20.2,20.34,20.89,0
2015-02-05 22:14:59,20.55,20.0,20.5,21.0,20.2,20.29,20.89,0
2015-02-05 22:15:59,20.6,20.0,20.445,21.0,20.2,20.29,20.89,0
2015-02-05 22:17:00,20.6,20.0,20.5,21.0,20.15,20.29,20.84,0
2015-02-05 22:18:00,20.6,20.0666666666667,20.5,21.1,20.15,20.23,20.89,0
2015-02-05 22:19:00,20.6,20.05,20.5,21.0,20.2,20.25,20.89,0
2015-02-05 22:20:00,20.6,20.1,20.5,21.0,20.2,20.29,20.89,0
2015-02-05 22:21:00,20.55,20.1,20.445,21.0,20.15,20.34,20.86,0
2015-02-05 22:21:59,20.6,20.05,20.445,21.0,20.2,20.29,20.86,0
2015-02-05 22:23:00,20.55,20.1,20.445,21.0,20.13,20.29,20.89,0
2015-02-05 22:24:00,20.6,20.1,20.445,21.0,20.15,20.29,20.84,0
2015-02-05 22:25:00,20.6,20.05,20.445,21.0,20.1,20.29,20.79,0
2015-02-05 22:25:59,20.6,20.0,20.5,21.0,20.15,20.29,20.79,0
2015-02-05 22:27:00,20.575,20.0,20.5,21.0,20.2,20.29,20.79,0
2015-02-05 22:27:59,20.6,20.0,20.5,21.0,20.15,20.29,20.84,0
2015-02-05 22:28:59,20.5,20.0,20.5,21.0,20.1,20.25,20.86,0
2015-02-05 22:30:00,20.5,20.0,20.5,21.0,20.1,20.29,20.79,0
2015-02-05 22:31:00,20.55,20.0,20.5,21.0,20.1,20.25,20.89,0
2015-02-05 22:32:00,20.6,20.0,20.5,21.0,20.17,20.23,20.84,0
2015-02-05 22:33:00,20.55,20.0,20.5,21.0,20.1,20.23,20.84,0
2015-02-05 22:34:00,20.55,20.1,20.5,21.0,20.1,20.25,20.79,0
2015-02-05 22:34:59,20.5,20.0,20.445,21.0,20.18,20.27,20.79,0
2015-02-05 22:36:00,20.6,20.05,20.39,21.0,20.2,20.29,20.79,0
2015-02-05 22:37:00,20.5666666666667,20.05,20.5,21.0,20.2,20.25,20.79,0
2015-02-05 22:38:00,20.55,20.05,20.5,21.0,20.15,20.29,20.82,0
2015-02-05 22:38:59,20.5,20.0,20.5,21.0,20.2,20.26,20.82,0
2015-02-05 22:40:00,20.55,20.0,20.5,21.0,20.2,20.29,20.84,0
2015-02-05 22:40:59,20.6,20.0,20.5,21.0,20.15,20.29,20.79,0
2015-02-05 22:41:59,20.5,20.0,20.5,21.0,20.1,20.29,20.84,0
2015-02-05 22:43:00,20.55,20.0,20.5,21.0,20.17,20.29,20.79,0
2015-02-05 22:44:00,20.55,20.0,20.5,21.0,20.1,20.39,20.79,0
2015-02-05 22:45:00,20.5,20.0,20.426666666666698,21.0,20.15,20.39,20.79,0
2015-02-05 22:46:00,20.5,20.0,20.39,21.0,20.15,20.34,20.79,0
2015-02-05 22:46:59,20.5,20.0,20.5,21.0,20.15,20.34,20.79,0
2015-02-05 22:47:59,20.55,20.0,20.445,21.0,20.1,20.39,20.79,0
2015-02-05 22:49:00,20.5,20.0,20.5,21.0,20.1,20.39,20.79,0
2015-02-05 22:50:00,20.5,19.945,20.5,21.0,20.18,20.39,20.79,0
2015-02-05 22:51:00,20.533333333333303,20.0,20.5,21.0,20.1,20.39,20.79,0
2015-02-05 22:52:00,20.5,20.0,20.39,21.0,20.15,20.39,20.79,0
2015-02-05 22:53:00,20.5,20.0,20.5,21.0,20.15,20.39,20.79,0
2015-02-05 22:53:59,20.5,20.0,20.445,21.0,20.1,20.39,20.79,0
2015-02-05 22:54:59,20.5,20.0,20.445,21.0,20.2,20.45,20.79,0
2015-02-05 22:56:00,20.5,20.0,20.426666666666698,21.0,20.13,20.39,20.79,0
2015-02-05 22:57:00,20.5,20.0,20.5,21.0,20.1,20.39,20.79,0
2015-02-05 22:58:00,20.5,20.0,20.5,21.0,20.13,20.39,20.79,0
2015-02-05 22:59:00,20.5,20.0,20.39,20.97,20.1,20.39,20.82,0
2015-02-05 22:59:59,20.5,20.033333333333303,20.39,21.0,20.1,20.34,20.79,0
2015-02-05 23:00:59,20.5,20.0,20.5,20.96,20.13,20.32,20.79,0
2015-02-05 23:02:00,20.5,20.0,20.445,21.0,20.1,20.29,20.79,0
2015-02-05 23:03:00,20.5,20.0,20.445,21.0,20.1,20.29,20.84,0
2015-02-05 23:04:00,20.5,20.0,20.445,21.0,20.13,20.29,20.84,0
2015-02-05 23:05:00,20.5,20.0,20.39,21.0,20.1,20.25,20.86,0
2015-02-05 23:06:00,20.5,19.945,20.39,21.0,20.1,20.2,20.79,0
2015-02-05 23:06:59,20.5,20.0,20.5,21.0,20.15,20.29,20.84,0
2015-02-05 23:08:00,20.5,20.0,20.39,21.0,20.13,20.2,20.89,0
2015-02-05 23:09:00,20.5,20.0,20.39,21.0,20.13,20.2,20.89,0
2015-02-05 23:10:00,20.5,20.0,20.445,21.0,20.15,20.2,20.89,0
2015-02-05 23:10:59,20.445,20.0,20.39,21.0,20.1,20.2,20.84,0
2015-02-05 23:12:00,20.5,20.0,20.39,21.0,20.1,20.2,20.84,0
2015-02-05 23:12:59,20.5,19.926666666666698,20.39,21.0,20.1,20.17,20.89,0
2015-02-05 23:13:59,20.39,19.89,20.39,21.0,20.1,20.2,20.84,0
2015-02-05 23:15:00,20.445,19.79,20.39,21.0,20.1,20.2,20.89,0
2015-02-05 23:16:00,20.39,19.89,20.39,21.0,20.1,20.2,20.89,0
2015-02-05 23:17:00,20.426666666666698,19.89,20.39,21.0,20.1,20.2,20.84,0
2015-02-05 23:18:00,20.39,19.89,20.39,21.0,20.1,20.2,20.86,0
2015-02-05 23:19:00,20.39,19.89,20.39,21.0,20.1,20.2,20.84,0
2015-02-05 23:19:59,20.39,19.89,20.39,21.0,20.1,20.2,20.89,0
2015-02-05 23:21:00,20.39,19.89,20.39,21.0,20.1,20.2,20.89,0
2015-02-05 23:22:00,20.39,19.89,20.39,21.0,20.0,20.2,20.89,0
2015-02-05 23:23:00,20.39,19.89,20.39,21.0,20.0,20.2,20.89,0
2015-02-05 23:23:59,20.39,19.89,20.39,21.0,20.1,20.1,20.89,0
2015-02-05 23:25:00,20.39,20.0,20.39,21.0,20.1,20.2,20.89,0
2015-02-05 23:25:59,20.39,20.0,20.39,21.0,20.1,20.2,20.89,0
2015-02-05 23:26:59,20.39,20.0,20.39,21.0,20.0,20.2,20.89,0
2015-02-05 23:28:00,20.39,20.0,20.39,21.0,20.1,20.2,20.89,0
2015-02-05 23:29:00,20.39,20.0,20.39,21.0,20.1,20.15,20.89,0
2015-02-05 23:30:00,20.39,20.0,20.39,21.0,20.05,20.1,20.84,0
2015-02-05 23:31:00,20.39,20.0,20.39,21.0,20.0,20.17,20.89,0
2015-02-05 23:31:59,20.356666666666698,20.0,20.39,21.0,20.05,20.13,20.89,0
2015-02-05 23:32:59,20.356666666666698,20.0,20.39,21.0,20.05,20.15,20.89,0
2015-02-05 23:34:00,20.39,20.0,20.39,21.0,20.1,20.15,20.89,0
2015-02-05 23:35:00,20.29,20.0,20.39,21.0,20.0,20.2,20.89,0
2015-02-05 23:36:00,20.39,20.0,20.39,21.0,20.0,20.2,20.89,0
2015-02-05 23:37:00,20.34,19.945,20.39,21.0,20.0,20.2,20.89,0
2015-02-05 23:38:00,20.29,19.945,20.39,21.0,20.0,20.2,20.89,0
2015-02-05 23:38:59,20.29,20.0,20.39,21.0,20.0,20.2,20.89,0
2015-02-05 23:39:59,20.29,20.0,20.39,21.0,20.05,20.2,20.89,0
2015-02-05 23:41:00,20.323333333333302,20.0,20.39,21.0,20.0,20.2,20.89,0
2015-02-05 23:42:00,20.29,20.0,20.39,21.0,20.0,20.2,20.89,0
2015-02-05 23:43:00,20.323333333333302,20.0,20.39,21.0,20.0,20.2,20.89,0
2015-02-05 23:44:00,20.29,20.0,20.39,21.0,20.0,20.15,20.89,0
2015-02-05 23:44:59,20.29,20.0,20.39,21.0,20.0,20.17,20.89,0
2015-02-05 23:45:59,20.29,20.0,20.39,21.0,20.0,20.2,20.89,0
2015-02-05 23:47:00,20.29,20.0666666666667,20.39,21.0,20.0,20.2,20.89,0
2015-02-05 23:48:00,20.29,20.1,20.39,21.0,20.0,20.2,20.89,0
2015-02-05 23:49:00,20.29,20.0,20.39,21.0,20.0,20.13,20.89,0
2015-02-05 23:50:00,20.29,20.0,20.39,21.0,20.0,20.2,20.89,0
2015-02-05 23:51:00,20.245,19.945,20.39,21.0,20.0,20.2,20.89,0
2015-02-05 23:51:59,20.29,19.89,20.39,21.0,20.0,20.2,20.89,0
2015-02-05 23:53:00,20.29,19.89,20.39,21.0,20.05,20.25,20.89,0
2015-02-05 23:54:00,20.29,19.89,20.39,21.0,20.0,20.2,20.89,0
2015-02-05 23:55:00,20.29,19.89,20.39,21.0,20.02,20.25,20.89,0
2015-02-05 23:55:59,20.2225,20.0,20.39,21.0,20.1,20.25,20.89,0
2015-02-05 23:57:00,20.2,20.0,20.39,21.0,20.0,20.2,20.89,0
2015-02-05 23:57:59,20.2,20.0,20.39,21.0,20.0,20.2,20.89,0
2015-02-05 23:58:59,20.2,20.0,20.39,21.0,20.0,20.2,20.89,0
