,date,Temperature
6129,2015-02-09 00:00:00,19.5
6130,2015-02-09 00:01:00,19.5
6131,2015-02-09 00:02:00,19.5
6132,2015-02-09 00:03:00,19.5
6133,2015-02-09 00:04:00,19.5
6134,2015-02-09 00:04:59,19.5
6135,2015-02-09 00:06:00,19.5
6136,2015-02-09 00:07:00,19.5
6137,2015-02-09 00:08:00,19.5
6138,2015-02-09 00:08:59,19.5
6139,2015-02-09 00:10:00,19.5
6140,2015-02-09 00:10:59,19.5
6141,2015-02-09 00:11:59,19.5
6142,2015-02-09 00:13:00,19.5
6143,2015-02-09 00:14:00,19.5
6144,2015-02-09 00:15:00,19.5
6145,2015-02-09 00:16:00,19.5
6146,2015-02-09 00:16:59,19.5
6147,2015-02-09 00:17:59,19.5
6148,2015-02-09 00:19:00,19.5
6149,2015-02-09 00:20:00,19.5
6150,2015-02-09 00:21:00,19.5
6151,2015-02-09 00:22:00,19.5
6152,2015-02-09 00:23:00,19.5
6153,2015-02-09 00:23:59,19.5
6154,2015-02-09 00:24:59,19.5
6155,2015-02-09 00:26:00,19.5
6156,2015-02-09 00:27:00,19.5
6157,2015-02-09 00:28:00,19.5
6158,2015-02-09 00:29:00,19.5
6159,2015-02-09 00:29:59,19.5
6160,2015-02-09 00:30:59,19.5
6161,2015-02-09 00:32:00,19.426666666666698
6162,2015-02-09 00:33:00,19.39
6163,2015-02-09 00:34:00,19.445
6164,2015-02-09 00:35:00,19.445
6165,2015-02-09 00:36:00,19.39
6166,2015-02-09 00:36:59,19.445
6167,2015-02-09 00:38:00,19.39
6168,2015-02-09 00:39:00,19.39
6169,2015-02-09 00:40:00,19.39
6170,2015-02-09 00:40:59,19.39
6171,2015-02-09 00:42:00,19.39
6172,2015-02-09 00:42:59,19.39
6173,2015-02-09 00:43:59,19.39
6174,2015-02-09 00:45:00,19.39
6175,2015-02-09 00:46:00,19.39
6176,2015-02-09 00:47:00,19.39
6177,2015-02-09 00:48:00,19.39
6178,2015-02-09 00:49:00,19.39
6179,2015-02-09 00:49:59,19.39
6180,2015-02-09 00:51:00,19.39
6181,2015-02-09 00:52:00,19.39
6182,2015-02-09 00:53:00,19.39
6183,2015-02-09 00:53:59,19.39
6184,2015-02-09 00:55:00,19.39
6185,2015-02-09 00:55:59,19.39
6186,2015-02-09 00:56:59,19.39
6187,2015-02-09 00:58:00,19.39
6188,2015-02-09 00:59:00,19.39
6189,2015-02-09 01:00:00,19.39
6190,2015-02-09 01:01:00,19.39
6191,2015-02-09 01:01:59,19.5
6192,2015-02-09 01:02:59,19.39
6193,2015-02-09 01:04:00,19.39
6194,2015-02-09 01:05:00,19.39
6195,2015-02-09 01:06:00,19.39
6196,2015-02-09 01:07:00,19.39
6197,2015-02-09 01:08:00,19.39
6198,2015-02-09 01:08:59,19.39
6199,2015-02-09 01:09:59,19.39
6200,2015-02-09 01:11:00,19.39
6201,2015-02-09 01:12:00,19.39
6202,2015-02-09 01:13:00,19.39
6203,2015-02-09 01:14:00,19.39
6204,2015-02-09 01:14:59,19.39
6205,2015-02-09 01:15:59,19.5
6206,2015-02-09 01:17:00,19.463333333333303
6207,2015-02-09 01:18:00,19.39
6208,2015-02-09 01:19:00,19.445
6209,2015-02-09 01:20:00,19.39
6210,2015-02-09 01:21:00,19.463333333333303
6211,2015-02-09 01:21:59,19.5
6212,2015-02-09 01:23:00,19.39
6213,2015-02-09 01:24:00,19.463333333333303
6214,2015-02-09 01:25:00,19.39
6215,2015-02-09 01:25:59,19.5
6216,2015-02-09 01:27:00,19.39
6217,2015-02-09 01:27:59,19.445
6218,2015-02-09 01:28:59,19.5
6219,2015-02-09 01:30:00,19.463333333333303
6220,2015-02-09 01:31:00,19.445
6221,2015-02-09 01:32:00,19.445
6222,2015-02-09 01:33:00,19.445
6223,2015-02-09 01:34:00,19.5
6224,2015-02-09 01:34:59,19.445
6225,2015-02-09 01:36:00,19.39
6226,2015-02-09 01:37:00,19.39
6227,2015-02-09 01:38:00,19.39
6228,2015-02-09 01:38:59,19.39
6229,2015-02-09 01:40:00,19.39
6230,2015-02-09 01:40:59,19.39
6231,2015-02-09 01:41:59,19.39
6232,2015-02-09 01:43:00,19.39
6233,2015-02-09 01:44:00,19.39
6234,2015-02-09 01:45:00,19.39
6235,2015-02-09 01:46:00,19.39
6236,2015-02-09 01:46:59,19.34
6237,2015-02-09 01:47:59,19.34
6238,2015-02-09 01:49:00,19.39
6239,2015-02-09 01:50:00,19.29
6240,2015-02-09 01:51:00,19.34
6241,2015-02-09 01:52:00,19.356666666666698
6242,2015-02-09 01:53:00,19.39
6243,2015-02-09 01:53:59,19.39
6244,2015-02-09 01:54:59,19.39
6245,2015-02-09 01:56:00,19.39
6246,2015-02-09 01:57:00,19.39
6247,2015-02-09 01:58:00,19.39
6248,2015-02-09 01:59:00,19.39
6249,2015-02-09 01:59:59,19.39
6250,2015-02-09 02:00:59,19.39
6251,2015-02-09 02:02:00,19.39
6252,2015-02-09 02:03:00,19.39
6253,2015-02-09 02:04:00,19.39
6254,2015-02-09 02:05:00,19.39
6255,2015-02-09 02:06:00,19.39
6256,2015-02-09 02:06:59,19.39
6257,2015-02-09 02:08:00,19.39
6258,2015-02-09 02:09:00,19.445
6259,2015-02-09 02:10:00,19.39
6260,2015-02-09 02:10:59,19.39
6261,2015-02-09 02:12:00,19.39
6262,2015-02-09 02:12:59,19.39
6263,2015-02-09 02:13:59,19.39
6264,2015-02-09 02:15:00,19.39
6265,2015-02-09 02:16:00,19.39
6266,2015-02-09 02:17:00,19.39
6267,2015-02-09 02:18:00,19.39
6268,2015-02-09 02:19:00,19.39
6269,2015-02-09 02:19:59,19.39
6270,2015-02-09 02:21:00,19.39
6271,2015-02-09 02:22:00,19.39
6272,2015-02-09 02:23:00,19.39
6273,2015-02-09 02:23:59,19.39
6274,2015-02-09 02:25:00,19.39
6275,2015-02-09 02:25:59,19.39
6276,2015-02-09 02:26:59,19.39
6277,2015-02-09 02:28:00,19.39
6278,2015-02-09 02:29:00,19.39
6279,2015-02-09 02:30:00,19.39
6280,2015-02-09 02:31:00,19.39
6281,2015-02-09 02:31:59,19.39
6282,2015-02-09 02:32:59,19.39
6283,2015-02-09 02:34:00,19.39
6284,2015-02-09 02:35:00,19.39
6285,2015-02-09 02:36:00,19.39
6286,2015-02-09 02:37:00,19.39
6287,2015-02-09 02:38:00,19.39
6288,2015-02-09 02:38:59,19.39
6289,2015-02-09 02:39:59,19.39
6290,2015-02-09 02:41:00,19.39
6291,2015-02-09 02:42:00,19.39
6292,2015-02-09 02:43:00,19.39
6293,2015-02-09 02:44:00,19.39
6294,2015-02-09 02:44:59,19.39
6295,2015-02-09 02:45:59,19.39
6296,2015-02-09 02:47:00,19.39
6297,2015-02-09 02:48:00,19.445
6298,2015-02-09 02:49:00,19.39
6299,2015-02-09 02:50:00,19.39
6300,2015-02-09 02:51:00,19.39
6301,2015-02-09 02:51:59,19.39
6302,2015-02-09 02:53:00,19.463333333333303
6303,2015-02-09 02:54:00,19.445
6304,2015-02-09 02:55:00,19.39
6305,2015-02-09 02:55:59,19.5
6306,2015-02-09 02:57:00,19.5
6307,2015-02-09 02:57:59,19.426666666666698
6308,2015-02-09 02:58:59,19.39
6309,2015-02-09 03:00:00,19.445
6310,2015-02-09 03:01:00,19.39
6311,2015-02-09 03:02:00,19.39
6312,2015-02-09 03:03:00,19.39
6313,2015-02-09 03:04:00,19.39
6314,2015-02-09 03:04:59,19.39
6315,2015-02-09 03:06:00,19.39
6316,2015-02-09 03:07:00,19.39
6317,2015-02-09 03:08:00,19.39
6318,2015-02-09 03:08:59,19.39
6319,2015-02-09 03:10:00,19.39
6320,2015-02-09 03:10:59,19.39
6321,2015-02-09 03:11:59,19.39
6322,2015-02-09 03:13:00,19.356666666666698
6323,2015-02-09 03:14:00,19.356666666666698
6324,2015-02-09 03:15:00,19.29
6325,2015-02-09 03:16:00,19.29
6326,2015-02-09 03:16:59,19.34
6327,2015-02-09 03:17:59,19.29
6328,2015-02-09 03:19:00,19.29
6329,2015-02-09 03:20:00,19.29
6330,2015-02-09 03:21:00,19.29
6331,2015-02-09 03:22:00,19.29
6332,2015-02-09 03:23:00,19.29
6333,2015-02-09 03:23:59,19.29
6334,2015-02-09 03:24:59,19.29
6335,2015-02-09 03:26:00,19.34
6336,2015-02-09 03:27:00,19.34
6337,2015-02-09 03:28:00,19.34
6338,2015-02-09 03:29:00,19.39
6339,2015-02-09 03:29:59,19.34
6340,2015-02-09 03:30:59,19.29
6341,2015-02-09 03:32:00,19.39
6342,2015-02-09 03:33:00,19.39
6343,2015-02-09 03:34:00,19.39
6344,2015-02-09 03:35:00,19.39
6345,2015-02-09 03:36:00,19.39
6346,2015-02-09 03:36:59,19.39
6347,2015-02-09 03:38:00,19.39
6348,2015-02-09 03:39:00,19.39
6349,2015-02-09 03:40:00,19.39
6350,2015-02-09 03:40:59,19.39
6351,2015-02-09 03:42:00,19.39
6352,2015-02-09 03:42:59,19.34
6353,2015-02-09 03:43:59,19.34
6354,2015-02-09 03:45:00,19.34
6355,2015-02-09 03:46:00,19.39
6356,2015-02-09 03:47:00,19.29
6357,2015-02-09 03:48:00,19.39
6358,2015-02-09 03:49:00,19.39
6359,2015-02-09 03:49:59,19.39
6360,2015-02-09 03:51:00,19.39
6361,2015-02-09 03:52:00,19.39
6362,2015-02-09 03:53:00,19.356666666666698
6363,2015-02-09 03:53:59,19.39
6364,2015-02-09 03:55:00,19.39
6365,2015-02-09 03:55:59,19.34
6366,2015-02-09 03:56:59,19.39
6367,2015-02-09 03:58:00,19.39
6368,2015-02-09 03:59:00,19.29
6369,2015-02-09 04:00:00,19.34
6370,2015-02-09 04:01:00,19.39
6371,2015-02-09 04:01:59,19.34
6372,2015-02-09 04:02:59,19.39
6373,2015-02-09 04:04:00,19.356666666666698
6374,2015-02-09 04:05:00,19.39
6375,2015-02-09 04:06:00,19.39
6376,2015-02-09 04:07:00,19.39
6377,2015-02-09 04:08:00,19.39
6378,2015-02-09 04:08:59,19.39
6379,2015-02-09 04:09:59,19.39
6380,2015-02-09 04:11:00,19.39
6381,2015-02-09 04:12:00,19.39
6382,2015-02-09 04:13:00,19.39
6383,2015-02-09 04:14:00,19.29
6384,2015-02-09 04:14:59,19.39
6385,2015-02-09 04:15:59,19.39
6386,2015-02-09 04:17:00,19.29
6387,2015-02-09 04:18:00,19.29
6388,2015-02-09 04:19:00,19.29
6389,2015-02-09 04:20:00,19.29
6390,2015-02-09 04:21:00,19.29
6391,2015-02-09 04:21:59,19.29
6392,2015-02-09 04:23:00,19.29
6393,2015-02-09 04:24:00,19.29
6394,2015-02-09 04:25:00,19.29
6395,2015-02-09 04:25:59,19.29
6396,2015-02-09 04:27:00,19.29
6397,2015-02-09 04:27:59,19.29
6398,2015-02-09 04:28:59,19.29
6399,2015-02-09 04:30:00,19.29
6400,2015-02-09 04:31:00,19.29
6401,2015-02-09 04:32:00,19.29
6402,2015-02-09 04:33:00,19.29
6403,2015-02-09 04:34:00,19.29
6404,2015-02-09 04:34:59,19.29
6405,2015-02-09 04:36:00,19.29
6406,2015-02-09 04:37:00,19.29
6407,2015-02-09 04:38:00,19.29
6408,2015-02-09 04:38:59,19.29
6409,2015-02-09 04:40:00,19.29
6410,2015-02-09 04:40:59,19.29
6411,2015-02-09 04:41:59,19.29
6412,2015-02-09 04:43:00,19.29
6413,2015-02-09 04:44:00,19.29
6414,2015-02-09 04:45:00,19.29
6415,2015-02-09 04:46:00,19.29
6416,2015-02-09 04:46:59,19.34
6417,2015-02-09 04:47:59,19.323333333333302
6418,2015-02-09 04:49:00,19.29
6419,2015-02-09 04:50:00,19.29
6420,2015-02-09 04:51:00,19.29
6421,2015-02-09 04:52:00,19.29
6422,2015-02-09 04:53:00,19.29
6423,2015-02-09 04:53:59,19.29
6424,2015-02-09 04:54:59,19.29
6425,2015-02-09 04:56:00,19.29
6426,2015-02-09 04:57:00,19.29
6427,2015-02-09 04:58:00,19.29
6428,2015-02-09 04:59:00,19.29
6429,2015-02-09 04:59:59,19.39
6430,2015-02-09 05:00:59,19.34
6431,2015-02-09 05:02:00,19.39
6432,2015-02-09 05:03:00,19.39
6433,2015-02-09 05:04:00,19.39
6434,2015-02-09 05:05:00,19.39
6435,2015-02-09 05:06:00,19.39
6436,2015-02-09 05:06:59,19.39
6437,2015-02-09 05:08:00,19.39
6438,2015-02-09 05:09:00,19.39
6439,2015-02-09 05:10:00,19.39
6440,2015-02-09 05:10:59,19.39
6441,2015-02-09 05:12:00,19.39
6442,2015-02-09 05:12:59,19.39
6443,2015-02-09 05:13:59,19.39
6444,2015-02-09 05:15:00,19.445
6445,2015-02-09 05:16:00,19.445
6446,2015-02-09 05:17:00,19.39
6447,2015-02-09 05:18:00,19.5
6448,2015-02-09 05:19:00,19.5
6449,2015-02-09 05:19:59,19.445
6450,2015-02-09 05:21:00,19.5
6451,2015-02-09 05:22:00,19.5
6452,2015-02-09 05:23:00,19.5
6453,2015-02-09 05:23:59,19.5
6454,2015-02-09 05:25:00,19.5
6455,2015-02-09 05:25:59,19.5
6456,2015-02-09 05:26:59,19.5
6457,2015-02-09 05:28:00,19.5
6458,2015-02-09 05:29:00,19.5
6459,2015-02-09 05:30:00,19.6
6460,2015-02-09 05:31:00,19.5
6461,2015-02-09 05:31:59,19.5
6462,2015-02-09 05:32:59,19.5
6463,2015-02-09 05:34:00,19.5
6464,2015-02-09 05:35:00,19.5
6465,2015-02-09 05:36:00,19.5
6466,2015-02-09 05:37:00,19.5
6467,2015-02-09 05:38:00,19.5
6468,2015-02-09 05:38:59,19.5
6469,2015-02-09 05:39:59,19.5
6470,2015-02-09 05:41:00,19.463333333333303
6471,2015-02-09 05:42:00,19.39
6472,2015-02-09 05:43:00,19.426666666666698
6473,2015-02-09 05:44:00,19.39
6474,2015-02-09 05:44:59,19.39
6475,2015-02-09 05:45:59,19.39
6476,2015-02-09 05:47:00,19.39
6477,2015-02-09 05:48:00,19.39
6478,2015-02-09 05:49:00,19.39
6479,2015-02-09 05:50:00,19.39
6480,2015-02-09 05:51:00,19.39
6481,2015-02-09 05:51:59,19.39
6482,2015-02-09 05:53:00,19.39
6483,2015-02-09 05:54:00,19.39
6484,2015-02-09 05:55:00,19.39
6485,2015-02-09 05:55:59,19.39
6486,2015-02-09 05:57:00,19.39
6487,2015-02-09 05:57:59,19.39
6488,2015-02-09 05:58:59,19.39
6489,2015-02-09 06:00:00,19.39
6490,2015-02-09 06:01:00,19.445
6491,2015-02-09 06:02:00,19.39
6492,2015-02-09 06:03:00,19.39
6493,2015-02-09 06:04:00,19.445
6494,2015-02-09 06:04:59,19.426666666666698
6495,2015-02-09 06:06:00,19.5
6496,2015-02-09 06:07:00,19.5
6497,2015-02-09 06:08:00,19.5
6498,2015-02-09 06:08:59,19.5
6499,2015-02-09 06:10:00,19.5
6500,2015-02-09 06:10:59,19.5
6501,2015-02-09 06:11:59,19.5
6502,2015-02-09 06:13:00,19.5
6503,2015-02-09 06:14:00,19.5
6504,2015-02-09 06:15:00,19.5
6505,2015-02-09 06:16:00,19.445
6506,2015-02-09 06:16:59,19.39
6507,2015-02-09 06:17:59,19.39
6508,2015-02-09 06:19:00,19.39
6509,2015-02-09 06:20:00,19.39
6510,2015-02-09 06:21:00,19.39
6511,2015-02-09 06:22:00,19.39
6512,2015-02-09 06:23:00,19.39
6513,2015-02-09 06:23:59,19.39
6514,2015-02-09 06:24:59,19.39
6515,2015-02-09 06:26:00,19.39
6516,2015-02-09 06:27:00,19.39
6517,2015-02-09 06:28:00,19.39
6518,2015-02-09 06:29:00,19.39
6519,2015-02-09 06:29:59,19.39
6520,2015-02-09 06:30:59,19.39
6521,2015-02-09 06:32:00,19.39
6522,2015-02-09 06:33:00,19.34
6523,2015-02-09 06:34:00,19.39
6524,2015-02-09 06:35:00,19.39
6525,2015-02-09 06:36:00,19.39
6526,2015-02-09 06:36:59,19.29
6527,2015-02-09 06:38:00,19.29
6528,2015-02-09 06:39:00,19.29
6529,2015-02-09 06:40:00,19.29
6530,2015-02-09 06:40:59,19.29
6531,2015-02-09 06:42:00,19.29
6532,2015-02-09 06:42:59,19.39
6533,2015-02-09 06:43:59,19.39
6534,2015-02-09 06:45:00,19.29
6535,2015-02-09 06:46:00,19.29
6536,2015-02-09 06:47:00,19.29
6537,2015-02-09 06:48:00,19.29
6538,2015-02-09 06:49:00,19.29
6539,2015-02-09 06:49:59,19.29
6540,2015-02-09 06:51:00,19.34
6541,2015-02-09 06:52:00,19.29
6542,2015-02-09 06:53:00,19.29
6543,2015-02-09 06:53:59,19.323333333333302
6544,2015-02-09 06:55:00,19.34
6545,2015-02-09 06:55:59,19.29
6546,2015-02-09 06:56:59,19.29
6547,2015-02-09 06:58:00,19.29
6548,2015-02-09 06:59:00,19.29
6549,2015-02-09 07:00:00,19.34
6550,2015-02-09 07:01:00,19.29
6551,2015-02-09 07:01:59,19.29
6552,2015-02-09 07:02:59,19.29
6553,2015-02-09 07:04:00,19.34
6554,2015-02-09 07:05:00,19.29
6555,2015-02-09 07:06:00,19.29
6556,2015-02-09 07:07:00,19.29
6557,2015-02-09 07:08:00,19.29
6558,2015-02-09 07:08:59,19.29
6559,2015-02-09 07:09:59,19.323333333333302
6560,2015-02-09 07:11:00,19.34
6561,2015-02-09 07:12:00,19.39
6562,2015-02-09 07:13:00,19.39
6563,2015-02-09 07:14:00,19.39
6564,2015-02-09 07:14:59,19.39
6565,2015-02-09 07:15:59,19.39
6566,2015-02-09 07:17:00,19.39
6567,2015-02-09 07:18:00,19.445
6568,2015-02-09 07:19:00,19.39
6569,2015-02-09 07:20:00,19.39
6570,2015-02-09 07:21:00,19.39
6571,2015-02-09 07:21:59,19.445
6572,2015-02-09 07:23:00,19.39
6573,2015-02-09 07:24:00,19.39
6574,2015-02-09 07:25:00,19.445
6575,2015-02-09 07:25:59,19.39
6576,2015-02-09 07:27:00,19.5
6577,2015-02-09 07:27:59,19.445
6578,2015-02-09 07:28:59,19.5
6579,2015-02-09 07:30:00,19.426666666666698
6580,2015-02-09 07:31:00,19.5
6581,2015-02-09 07:32:00,19.39
6582,2015-02-09 07:33:00,19.426666666666698
6583,2015-02-09 07:34:00,19.39
6584,2015-02-09 07:34:59,19.39
6585,2015-02-09 07:36:00,19.39
6586,2015-02-09 07:37:00,19.5
6587,2015-02-09 07:38:00,19.426666666666698
6588,2015-02-09 07:38:59,19.5
6589,2015-02-09 07:40:00,19.39
6590,2015-02-09 07:40:59,19.5
6591,2015-02-09 07:41:59,19.5
6592,2015-02-09 07:43:00,19.5
6593,2015-02-09 07:44:00,19.5
6594,2015-02-09 07:45:00,19.445
6595,2015-02-09 07:46:00,19.463333333333303
6596,2015-02-09 07:46:59,19.5
6597,2015-02-09 07:47:59,19.5
6598,2015-02-09 07:49:00,19.445
6599,2015-02-09 07:50:00,19.445
6600,2015-02-09 07:51:00,19.5
6601,2015-02-09 07:52:00,19.445
6602,2015-02-09 07:53:00,19.39
6603,2015-02-09 07:53:59,19.39
6604,2015-02-09 07:54:59,19.445
6605,2015-02-09 07:56:00,19.5
6606,2015-02-09 07:57:00,19.445
6607,2015-02-09 07:58:00,19.445
6608,2015-02-09 07:59:00,19.5
6609,2015-02-09 07:59:59,19.5
6610,2015-02-09 08:00:59,19.5
6611,2015-02-09 08:02:00,19.5
6612,2015-02-09 08:03:00,19.5
6613,2015-02-09 08:04:00,19.5
6614,2015-02-09 08:05:00,19.5
6615,2015-02-09 08:06:00,19.5
6616,2015-02-09 08:06:59,19.5
6617,2015-02-09 08:08:00,19.5
6618,2015-02-09 08:09:00,19.5
6619,2015-02-09 08:10:00,19.5
6620,2015-02-09 08:10:59,19.5
6621,2015-02-09 08:12:00,19.5
6622,2015-02-09 08:12:59,19.5
6623,2015-02-09 08:13:59,19.5
6624,2015-02-09 08:15:00,19.5
6625,2015-02-09 08:16:00,19.5
6626,2015-02-09 08:17:00,19.5
6627,2015-02-09 08:18:00,19.5
6628,2015-02-09 08:19:00,19.5
6629,2015-02-09 08:19:59,19.5
6630,2015-02-09 08:21:00,19.5
6631,2015-02-09 08:22:00,19.5
6632,2015-02-09 08:23:00,19.5
6633,2015-02-09 08:23:59,19.5
6634,2015-02-09 08:25:00,19.5
6635,2015-02-09 08:25:59,19.5
6636,2015-02-09 08:26:59,19.5
6637,2015-02-09 08:28:00,19.5
6638,2015-02-09 08:29:00,19.5
6639,2015-02-09 08:30:00,19.5
6640,2015-02-09 08:31:00,19.5
6641,2015-02-09 08:31:59,19.5
6642,2015-02-09 08:32:59,19.6
6643,2015-02-09 08:34:00,19.5
6644,2015-02-09 08:35:00,19.6
6645,2015-02-09 08:36:00,19.5
6646,2015-02-09 08:37:00,19.5
6647,2015-02-09 08:38:00,19.533333333333303
6648,2015-02-09 08:38:59,19.5
6649,2015-02-09 08:39:59,19.5
6650,2015-02-09 08:41:00,19.5
6651,2015-02-09 08:42:00,19.5
6652,2015-02-09 08:43:00,19.533333333333303
6653,2015-02-09 08:44:00,19.5
6654,2015-02-09 08:44:59,19.525
6655,2015-02-09 08:45:59,19.5
6656,2015-02-09 08:47:00,19.525
6657,2015-02-09 08:48:00,19.525
6658,2015-02-09 08:49:00,19.525
6659,2015-02-09 08:50:00,19.5666666666667
6660,2015-02-09 08:51:00,19.575
6661,2015-02-09 08:51:59,19.575
6662,2015-02-09 08:53:00,19.6333333333333
6663,2015-02-09 08:54:00,19.6666666666667
6664,2015-02-09 08:55:00,19.6333333333333
6665,2015-02-09 08:55:59,19.625
6666,2015-02-09 08:57:00,19.6333333333333
6667,2015-02-09 08:57:59,19.7
6668,2015-02-09 08:58:59,19.7
6669,2015-02-09 09:00:00,19.745
6670,2015-02-09 09:01:00,19.7675
6671,2015-02-09 09:02:00,19.79
6672,2015-02-09 09:03:00,19.79
6673,2015-02-09 09:04:00,19.79
6674,2015-02-09 09:04:59,19.84
6675,2015-02-09 09:06:00,19.89
6676,2015-02-09 09:07:00,19.89
6677,2015-02-09 09:08:00,19.9175
6678,2015-02-09 09:08:59,19.963333333333303
6679,2015-02-09 09:10:00,19.945
6680,2015-02-09 09:10:59,20.0
6681,2015-02-09 09:11:59,20.0
6682,2015-02-09 09:13:00,20.0
6683,2015-02-09 09:14:00,20.05
6684,2015-02-09 09:15:00,20.1
6685,2015-02-09 09:16:00,20.1
6686,2015-02-09 09:16:59,20.1
6687,2015-02-09 09:17:59,20.1
6688,2015-02-09 09:19:00,20.2
6689,2015-02-09 09:20:00,20.125
6690,2015-02-09 09:21:00,20.15
6691,2015-02-09 09:22:00,20.175
6692,2015-02-09 09:23:00,20.2
6693,2015-02-09 09:23:59,20.215
6694,2015-02-09 09:24:59,20.23
6695,2015-02-09 09:26:00,20.29
6696,2015-02-09 09:27:00,20.29
6697,2015-02-09 09:28:00,20.29
6698,2015-02-09 09:29:00,20.29
6699,2015-02-09 09:29:59,20.29
6700,2015-02-09 09:30:59,20.29
6701,2015-02-09 09:32:00,20.39
6702,2015-02-09 09:33:00,20.3816666666667
6703,2015-02-09 09:34:00,20.373333333333303
6704,2015-02-09 09:35:00,20.39
6705,2015-02-09 09:36:00,20.39
6706,2015-02-09 09:36:59,20.39
6707,2015-02-09 09:38:00,20.39
6708,2015-02-09 09:39:00,20.39
6709,2015-02-09 09:40:00,20.445
6710,2015-02-09 09:40:59,20.4725
6711,2015-02-09 09:42:00,20.5
6712,2015-02-09 09:42:59,20.5
6713,2015-02-09 09:43:59,20.5
6714,2015-02-09 09:45:00,20.5
6715,2015-02-09 09:46:00,20.5
6716,2015-02-09 09:47:00,20.5
6717,2015-02-09 09:48:00,20.5
6718,2015-02-09 09:49:00,20.5
6719,2015-02-09 09:49:59,20.5
6720,2015-02-09 09:51:00,20.5
6721,2015-02-09 09:52:00,20.55
6722,2015-02-09 09:53:00,20.55
6723,2015-02-09 09:53:59,20.6
6724,2015-02-09 09:55:00,20.6
6725,2015-02-09 09:55:59,20.6
6726,2015-02-09 09:56:59,20.6333333333333
6727,2015-02-09 09:58:00,20.6
6728,2015-02-09 09:59:00,20.675
6729,2015-02-09 10:00:00,20.6
6730,2015-02-09 10:01:00,20.7
6731,2015-02-09 10:01:59,20.65
6732,2015-02-09 10:02:59,20.7
6733,2015-02-09 10:04:00,20.7
6734,2015-02-09 10:05:00,20.7
6735,2015-02-09 10:06:00,20.7
6736,2015-02-09 10:07:00,20.7
6737,2015-02-09 10:08:00,20.7
6738,2015-02-09 10:08:59,20.7
6739,2015-02-09 10:09:59,20.7225
6740,2015-02-09 10:11:00,20.7
6741,2015-02-09 10:12:00,20.7
6742,2015-02-09 10:13:00,20.7
6743,2015-02-09 10:14:00,20.745
6744,2015-02-09 10:14:59,20.79
6745,2015-02-09 10:15:59,20.79
6746,2015-02-09 10:17:00,20.79
6747,2015-02-09 10:18:00,20.79
6748,2015-02-09 10:19:00,20.79
6749,2015-02-09 10:20:00,20.79
6750,2015-02-09 10:21:00,20.79
6751,2015-02-09 10:21:59,20.79
6752,2015-02-09 10:23:00,20.79
6753,2015-02-09 10:24:00,20.79
6754,2015-02-09 10:25:00,20.79
6755,2015-02-09 10:25:59,20.815
6756,2015-02-09 10:27:00,20.823333333333302
6757,2015-02-09 10:27:59,20.865
6758,2015-02-09 10:28:59,20.84
6759,2015-02-09 10:30:00,20.89
6760,2015-02-09 10:31:00,20.89
6761,2015-02-09 10:32:00,20.89
6762,2015-02-09 10:33:00,20.89
6763,2015-02-09 10:34:00,20.89
6764,2015-02-09 10:34:59,20.89
6765,2015-02-09 10:36:00,20.89
6766,2015-02-09 10:37:00,20.89
6767,2015-02-09 10:38:00,20.89
6768,2015-02-09 10:38:59,20.89
6769,2015-02-09 10:40:00,20.945
6770,2015-02-09 10:40:59,21.0
6771,2015-02-09 10:41:59,21.0
6772,2015-02-09 10:43:00,21.0
6773,2015-02-09 10:44:00,20.926666666666698
6774,2015-02-09 10:45:00,21.0
6775,2015-02-09 10:46:00,21.0
6776,2015-02-09 10:46:59,21.0
6777,2015-02-09 10:47:59,21.0
6778,2015-02-09 10:49:00,21.0
6779,2015-02-09 10:50:00,21.0
6780,2015-02-09 10:51:00,21.0
6781,2015-02-09 10:52:00,21.025
6782,2015-02-09 10:53:00,21.0
6783,2015-02-09 10:53:59,21.0666666666667
6784,2015-02-09 10:54:59,21.075
6785,2015-02-09 10:56:00,21.1
6786,2015-02-09 10:57:00,21.05
6787,2015-02-09 10:58:00,21.1
6788,2015-02-09 10:59:00,21.1
6789,2015-02-09 10:59:59,21.1
6790,2015-02-09 11:00:59,21.1
6791,2015-02-09 11:02:00,21.1
6792,2015-02-09 11:03:00,21.1
6793,2015-02-09 11:04:00,21.1333333333333
6794,2015-02-09 11:05:00,21.1
6795,2015-02-09 11:06:00,21.1
6796,2015-02-09 11:06:59,21.1
6797,2015-02-09 11:08:00,21.1
6798,2015-02-09 11:09:00,21.125
6799,2015-02-09 11:10:00,21.1
6800,2015-02-09 11:10:59,21.125
6801,2015-02-09 11:12:00,21.125
6802,2015-02-09 11:12:59,21.1333333333333
6803,2015-02-09 11:13:59,21.1666666666667
6804,2015-02-09 11:15:00,21.15
6805,2015-02-09 11:16:00,21.1333333333333
6806,2015-02-09 11:17:00,21.175
6807,2015-02-09 11:18:00,21.2
6808,2015-02-09 11:19:00,21.2
6809,2015-02-09 11:19:59,21.2
6810,2015-02-09 11:21:00,21.2
6811,2015-02-09 11:22:00,21.2225
6812,2015-02-09 11:23:00,21.245
6813,2015-02-09 11:23:59,21.29
6814,2015-02-09 11:25:00,21.29
6815,2015-02-09 11:25:59,21.29
6816,2015-02-09 11:26:59,21.29
6817,2015-02-09 11:28:00,21.29
6818,2015-02-09 11:29:00,21.29
6819,2015-02-09 11:30:00,21.29
6820,2015-02-09 11:31:00,21.29
6821,2015-02-09 11:31:59,21.29
6822,2015-02-09 11:32:59,21.29
6823,2015-02-09 11:34:00,21.29
6824,2015-02-09 11:35:00,21.29
6825,2015-02-09 11:36:00,21.323333333333302
6826,2015-02-09 11:37:00,21.29
6827,2015-02-09 11:38:00,21.365
6828,2015-02-09 11:38:59,21.323333333333302
6829,2015-02-09 11:39:59,21.39
6830,2015-02-09 11:41:00,21.39
6831,2015-02-09 11:42:00,21.39
6832,2015-02-09 11:43:00,21.39
6833,2015-02-09 11:44:00,21.39
6834,2015-02-09 11:44:59,21.39
6835,2015-02-09 11:45:59,21.39
6836,2015-02-09 11:47:00,21.39
6837,2015-02-09 11:48:00,21.4175
6838,2015-02-09 11:49:00,21.39
6839,2015-02-09 11:50:00,21.39
6840,2015-02-09 11:51:00,21.39
6841,2015-02-09 11:51:59,21.39
6842,2015-02-09 11:53:00,21.39
6843,2015-02-09 11:54:00,21.39
6844,2015-02-09 11:55:00,21.4175
6845,2015-02-09 11:55:59,21.39
6846,2015-02-09 11:57:00,21.4175
6847,2015-02-09 11:57:59,21.426666666666698
6848,2015-02-09 11:58:59,21.445
6849,2015-02-09 12:00:00,21.39
6850,2015-02-09 12:01:00,21.4725
6851,2015-02-09 12:02:00,21.5
6852,2015-02-09 12:03:00,21.5
6853,2015-02-09 12:04:00,21.5
6854,2015-02-09 12:04:59,21.5
6855,2015-02-09 12:06:00,21.5
6856,2015-02-09 12:07:00,21.5
6857,2015-02-09 12:08:00,21.525
6858,2015-02-09 12:08:59,21.5
6859,2015-02-09 12:10:00,21.5
6860,2015-02-09 12:10:59,21.5
6861,2015-02-09 12:11:59,21.533333333333307
6862,2015-02-09 12:13:00,21.55
6863,2015-02-09 12:14:00,21.5666666666667
6864,2015-02-09 12:15:00,21.575
6865,2015-02-09 12:16:00,21.575
6866,2015-02-09 12:16:59,21.6
6867,2015-02-09 12:17:59,21.5666666666667
6868,2015-02-09 12:19:00,21.525
6869,2015-02-09 12:20:00,21.6
6870,2015-02-09 12:21:00,21.5666666666667
6871,2015-02-09 12:22:00,21.575
6872,2015-02-09 12:23:00,21.5
6873,2015-02-09 12:23:59,21.525
6874,2015-02-09 12:24:59,21.5
6875,2015-02-09 12:26:00,21.5
6876,2015-02-09 12:27:00,21.5
6877,2015-02-09 12:28:00,21.5
6878,2015-02-09 12:29:00,21.5
6879,2015-02-09 12:29:59,21.5
6880,2015-02-09 12:30:59,21.5
6881,2015-02-09 12:32:00,21.5
6882,2015-02-09 12:33:00,21.5
6883,2015-02-09 12:34:00,21.5
6884,2015-02-09 12:35:00,21.5
6885,2015-02-09 12:36:00,21.445
6886,2015-02-09 12:36:59,21.5
6887,2015-02-09 12:38:00,21.5
6888,2015-02-09 12:39:00,21.426666666666698
6889,2015-02-09 12:40:00,21.39
6890,2015-02-09 12:40:59,21.4175
6891,2015-02-09 12:42:00,21.445
6892,2015-02-09 12:42:59,21.39
6893,2015-02-09 12:43:59,21.39
6894,2015-02-09 12:45:00,21.4725
6895,2015-02-09 12:46:00,21.4725
6896,2015-02-09 12:47:00,21.5
6897,2015-02-09 12:48:00,21.5
6898,2015-02-09 12:49:00,21.39
6899,2015-02-09 12:49:59,21.426666666666698
6900,2015-02-09 12:51:00,21.5
6901,2015-02-09 12:52:00,21.5
6902,2015-02-09 12:53:00,21.5
6903,2015-02-09 12:53:59,21.5
6904,2015-02-09 12:55:00,21.5
6905,2015-02-09 12:55:59,21.5
6906,2015-02-09 12:56:59,21.5
6907,2015-02-09 12:58:00,21.5
6908,2015-02-09 12:59:00,21.5
6909,2015-02-09 13:00:00,21.5
6910,2015-02-09 13:01:00,21.5
6911,2015-02-09 13:01:59,21.5
6912,2015-02-09 13:02:59,21.5
6913,2015-02-09 13:04:00,21.5
6914,2015-02-09 13:05:00,21.5
6915,2015-02-09 13:06:00,21.5
6916,2015-02-09 13:07:00,21.5
6917,2015-02-09 13:08:00,21.5
6918,2015-02-09 13:08:59,21.5
6919,2015-02-09 13:09:59,21.5
6920,2015-02-09 13:11:00,21.5
6921,2015-02-09 13:12:00,21.5
6922,2015-02-09 13:13:00,21.5
6923,2015-02-09 13:14:00,21.5
6924,2015-02-09 13:14:59,21.4175
6925,2015-02-09 13:15:59,21.39
6926,2015-02-09 13:17:00,21.39
6927,2015-02-09 13:18:00,21.39
6928,2015-02-09 13:19:00,21.39
6929,2015-02-09 13:20:00,21.365
6930,2015-02-09 13:21:00,21.29
6931,2015-02-09 13:21:59,21.315
6932,2015-02-09 13:23:00,21.29
6933,2015-02-09 13:24:00,21.29
6934,2015-02-09 13:25:00,21.29
6935,2015-02-09 13:25:59,21.29
6936,2015-02-09 13:27:00,21.29
6937,2015-02-09 13:27:59,21.2675
6938,2015-02-09 13:28:59,21.2
6939,2015-02-09 13:30:00,21.2
6940,2015-02-09 13:31:00,21.2
6941,2015-02-09 13:32:00,21.2
6942,2015-02-09 13:33:00,21.2
6943,2015-02-09 13:34:00,21.1666666666667
6944,2015-02-09 13:34:59,21.15
6945,2015-02-09 13:36:00,21.2
6946,2015-02-09 13:37:00,21.1333333333333
6947,2015-02-09 13:38:00,21.15
6948,2015-02-09 13:38:59,21.2
6949,2015-02-09 13:40:00,21.2
6950,2015-02-09 13:40:59,21.2
6951,2015-02-09 13:41:59,21.2
6952,2015-02-09 13:43:00,21.2
6953,2015-02-09 13:44:00,21.2
6954,2015-02-09 13:45:00,21.2
6955,2015-02-09 13:46:00,21.2
6956,2015-02-09 13:46:59,21.245
6957,2015-02-09 13:47:59,21.2675
6958,2015-02-09 13:49:00,21.245
6959,2015-02-09 13:50:00,21.29
6960,2015-02-09 13:51:00,21.245
6961,2015-02-09 13:52:00,21.26
6962,2015-02-09 13:53:00,21.29
6963,2015-02-09 13:53:59,21.29
6964,2015-02-09 13:54:59,21.29
6965,2015-02-09 13:56:00,21.29
6966,2015-02-09 13:57:00,21.29
6967,2015-02-09 13:58:00,21.29
6968,2015-02-09 13:59:00,21.29
6969,2015-02-09 13:59:59,21.34
6970,2015-02-09 14:00:59,21.29
6971,2015-02-09 14:02:00,21.29
6972,2015-02-09 14:03:00,21.29
6973,2015-02-09 14:04:00,21.365
6974,2015-02-09 14:05:00,21.39
6975,2015-02-09 14:06:00,21.39
6976,2015-02-09 14:06:59,21.39
6977,2015-02-09 14:08:00,21.39
6978,2015-02-09 14:09:00,21.39
6979,2015-02-09 14:10:00,21.39
6980,2015-02-09 14:10:59,21.4175
6981,2015-02-09 14:12:00,21.4725
6982,2015-02-09 14:12:59,21.463333333333303
6983,2015-02-09 14:13:59,21.5
6984,2015-02-09 14:15:00,21.5
6985,2015-02-09 14:16:00,21.5
6986,2015-02-09 14:17:00,21.5
6987,2015-02-09 14:18:00,21.5
6988,2015-02-09 14:19:00,21.5
6989,2015-02-09 14:19:59,21.525
6990,2015-02-09 14:21:00,21.5
6991,2015-02-09 14:22:00,21.5
6992,2015-02-09 14:23:00,21.525
6993,2015-02-09 14:23:59,21.6
6994,2015-02-09 14:25:00,21.5666666666667
6995,2015-02-09 14:25:59,21.6
6996,2015-02-09 14:26:59,21.6333333333333
6997,2015-02-09 14:28:00,21.625
6998,2015-02-09 14:29:00,21.6666666666667
6999,2015-02-09 14:30:00,21.65
7000,2015-02-09 14:31:00,21.6333333333333
7001,2015-02-09 14:31:59,21.7
7002,2015-02-09 14:32:59,21.6666666666667
7003,2015-02-09 14:34:00,21.7
7004,2015-02-09 14:35:00,21.7
7005,2015-02-09 14:36:00,21.7
7006,2015-02-09 14:37:00,21.7
7007,2015-02-09 14:38:00,21.745
7008,2015-02-09 14:38:59,21.7
7009,2015-02-09 14:39:59,21.7
7010,2015-02-09 14:41:00,21.73
7011,2015-02-09 14:42:00,21.745
7012,2015-02-09 14:43:00,21.7675
7013,2015-02-09 14:44:00,21.76
7014,2015-02-09 14:44:59,21.79
7015,2015-02-09 14:45:59,21.79
7016,2015-02-09 14:47:00,21.79
7017,2015-02-09 14:48:00,21.79
7018,2015-02-09 14:49:00,21.815
7019,2015-02-09 14:50:00,21.79
7020,2015-02-09 14:51:00,21.84
7021,2015-02-09 14:51:59,21.84
7022,2015-02-09 14:53:00,21.84
7023,2015-02-09 14:54:00,21.84
7024,2015-02-09 14:55:00,21.865
7025,2015-02-09 14:55:59,21.89
7026,2015-02-09 14:57:00,21.89
7027,2015-02-09 14:57:59,21.89
7028,2015-02-09 14:58:59,21.89
7029,2015-02-09 15:00:00,21.89
7030,2015-02-09 15:01:00,21.89
7031,2015-02-09 15:02:00,21.89
7032,2015-02-09 15:03:00,21.89
7033,2015-02-09 15:04:00,21.89
7034,2015-02-09 15:04:59,21.89
7035,2015-02-09 15:06:00,21.89
7036,2015-02-09 15:07:00,21.89
7037,2015-02-09 15:08:00,21.89
7038,2015-02-09 15:08:59,21.89
7039,2015-02-09 15:10:00,21.89
7040,2015-02-09 15:10:59,21.9175
7041,2015-02-09 15:11:59,21.89
7042,2015-02-09 15:13:00,21.9175
7043,2015-02-09 15:14:00,21.945
7044,2015-02-09 15:15:00,21.89
7045,2015-02-09 15:16:00,21.89
7046,2015-02-09 15:16:59,21.945
7047,2015-02-09 15:17:59,21.89
7048,2015-02-09 15:19:00,21.9175
7049,2015-02-09 15:20:00,21.89
7050,2015-02-09 15:21:00,21.9175
7051,2015-02-09 15:22:00,21.945
7052,2015-02-09 15:23:00,21.9175
7053,2015-02-09 15:23:59,21.89
7054,2015-02-09 15:24:59,21.945
7055,2015-02-09 15:26:00,21.926666666666694
7056,2015-02-09 15:27:00,21.945
7057,2015-02-09 15:28:00,21.9175
7058,2015-02-09 15:29:00,21.945
7059,2015-02-09 15:29:59,21.945
7060,2015-02-09 15:30:59,21.926666666666694
7061,2015-02-09 15:32:00,21.89
7062,2015-02-09 15:33:00,21.945
7063,2015-02-09 15:34:00,21.89
7064,2015-02-09 15:35:00,22.0
7065,2015-02-09 15:36:00,21.963333333333306
7066,2015-02-09 15:36:59,22.0
7067,2015-02-09 15:38:00,22.0
7068,2015-02-09 15:39:00,22.0
7069,2015-02-09 15:40:00,22.0
7070,2015-02-09 15:40:59,21.9725
7071,2015-02-09 15:42:00,21.9725
7072,2015-02-09 15:42:59,21.963333333333306
7073,2015-02-09 15:43:59,22.0
7074,2015-02-09 15:45:00,21.9725
7075,2015-02-09 15:46:00,21.9725
7076,2015-02-09 15:47:00,21.89
7077,2015-02-09 15:48:00,22.0
7078,2015-02-09 15:49:00,22.0
7079,2015-02-09 15:49:59,21.9725
7080,2015-02-09 15:51:00,21.963333333333306
7081,2015-02-09 15:52:00,22.0
7082,2015-02-09 15:53:00,22.0
7083,2015-02-09 15:53:59,22.0
7084,2015-02-09 15:55:00,21.963333333333306
7085,2015-02-09 15:55:59,22.0
7086,2015-02-09 15:56:59,22.0
7087,2015-02-09 15:58:00,22.0
7088,2015-02-09 15:59:00,22.0
7089,2015-02-09 16:00:00,22.0
7090,2015-02-09 16:01:00,22.0
7091,2015-02-09 16:01:59,22.0
7092,2015-02-09 16:02:59,22.0
7093,2015-02-09 16:04:00,22.0
7094,2015-02-09 16:05:00,22.0
7095,2015-02-09 16:06:00,22.0
7096,2015-02-09 16:07:00,22.0
7097,2015-02-09 16:08:00,22.0
7098,2015-02-09 16:08:59,22.0
7099,2015-02-09 16:09:59,22.0
7100,2015-02-09 16:11:00,22.0
7101,2015-02-09 16:12:00,22.025
7102,2015-02-09 16:13:00,22.0
7103,2015-02-09 16:14:00,22.0
7104,2015-02-09 16:14:59,22.05
7105,2015-02-09 16:15:59,22.0666666666667
7106,2015-02-09 16:17:00,22.05
7107,2015-02-09 16:18:00,22.025
7108,2015-02-09 16:19:00,22.033333333333307
7109,2015-02-09 16:20:00,22.075
7110,2015-02-09 16:21:00,22.075
7111,2015-02-09 16:21:59,22.1
7112,2015-02-09 16:23:00,22.1
7113,2015-02-09 16:24:00,22.075
7114,2015-02-09 16:25:00,22.05
7115,2015-02-09 16:25:59,22.1
7116,2015-02-09 16:27:00,22.0666666666667
7117,2015-02-09 16:27:59,22.1
7118,2015-02-09 16:28:59,22.1
7119,2015-02-09 16:30:00,22.1
7120,2015-02-09 16:31:00,22.1
7121,2015-02-09 16:32:00,22.1
7122,2015-02-09 16:33:00,22.1
7123,2015-02-09 16:34:00,22.1
7124,2015-02-09 16:34:59,22.1
7125,2015-02-09 16:36:00,22.1
7126,2015-02-09 16:37:00,22.1
7127,2015-02-09 16:38:00,22.1
7128,2015-02-09 16:38:59,22.1
7129,2015-02-09 16:40:00,22.1
7130,2015-02-09 16:40:59,22.1
7131,2015-02-09 16:41:59,22.1
7132,2015-02-09 16:43:00,22.1
7133,2015-02-09 16:44:00,22.1
7134,2015-02-09 16:45:00,22.1
7135,2015-02-09 16:46:00,22.1
7136,2015-02-09 16:46:59,22.1
7137,2015-02-09 16:47:59,22.1
7138,2015-02-09 16:49:00,22.1
7139,2015-02-09 16:50:00,22.1
7140,2015-02-09 16:51:00,22.1
7141,2015-02-09 16:52:00,22.1
7142,2015-02-09 16:53:00,22.1
7143,2015-02-09 16:53:59,22.1
7144,2015-02-09 16:54:59,22.1
7145,2015-02-09 16:56:00,22.1
7146,2015-02-09 16:57:00,22.1
7147,2015-02-09 16:58:00,22.1
7148,2015-02-09 16:59:00,22.1
7149,2015-02-09 16:59:59,22.1
7150,2015-02-09 17:00:59,22.1
7151,2015-02-09 17:02:00,22.1
7152,2015-02-09 17:03:00,22.1
7153,2015-02-09 17:04:00,22.1
7154,2015-02-09 17:05:00,22.1
7155,2015-02-09 17:06:00,22.1
7156,2015-02-09 17:06:59,22.1
7157,2015-02-09 17:08:00,22.1
7158,2015-02-09 17:09:00,22.1
7159,2015-02-09 17:10:00,22.1
7160,2015-02-09 17:10:59,22.1
7161,2015-02-09 17:12:00,22.1
7162,2015-02-09 17:12:59,22.1
7163,2015-02-09 17:13:59,22.1
7164,2015-02-09 17:15:00,22.1
7165,2015-02-09 17:16:00,22.1
7166,2015-02-09 17:17:00,22.1
7167,2015-02-09 17:18:00,22.1
7168,2015-02-09 17:19:00,22.1
7169,2015-02-09 17:19:59,22.1
7170,2015-02-09 17:21:00,22.1333333333333
7171,2015-02-09 17:22:00,22.1
7172,2015-02-09 17:23:00,22.1
7173,2015-02-09 17:23:59,22.1
7174,2015-02-09 17:25:00,22.1
7175,2015-02-09 17:25:59,22.1
7176,2015-02-09 17:26:59,22.1
7177,2015-02-09 17:28:00,22.1
7178,2015-02-09 17:29:00,22.175
7179,2015-02-09 17:30:00,22.175
7180,2015-02-09 17:31:00,22.23
7181,2015-02-09 17:31:59,22.245
7182,2015-02-09 17:32:59,22.245
7183,2015-02-09 17:34:00,22.29
7184,2015-02-09 17:35:00,22.2675
7185,2015-02-09 17:36:00,22.2
7186,2015-02-09 17:37:00,22.2
7187,2015-02-09 17:38:00,22.2
7188,2015-02-09 17:38:59,22.2
7189,2015-02-09 17:39:59,22.15
7190,2015-02-09 17:41:00,22.125
7191,2015-02-09 17:42:00,22.1
7192,2015-02-09 17:43:00,22.125
7193,2015-02-09 17:44:00,22.1
7194,2015-02-09 17:44:59,22.1
7195,2015-02-09 17:45:59,22.1
7196,2015-02-09 17:47:00,22.1
7197,2015-02-09 17:48:00,22.1
7198,2015-02-09 17:49:00,22.1
7199,2015-02-09 17:50:00,22.1
7200,2015-02-09 17:51:00,22.1
7201,2015-02-09 17:51:59,22.1
7202,2015-02-09 17:53:00,22.1
7203,2015-02-09 17:54:00,22.1
7204,2015-02-09 17:55:00,22.1
7205,2015-02-09 17:55:59,22.1
7206,2015-02-09 17:57:00,22.1
7207,2015-02-09 17:57:59,22.1
7208,2015-02-09 17:58:59,22.1
7209,2015-02-09 18:00:00,22.075
7210,2015-02-09 18:01:00,22.1
7211,2015-02-09 18:02:00,22.1
7212,2015-02-09 18:03:00,22.0666666666667
7213,2015-02-09 18:04:00,22.1
7214,2015-02-09 18:04:59,22.1
7215,2015-02-09 18:06:00,22.033333333333307
7216,2015-02-09 18:07:00,22.0
7217,2015-02-09 18:08:00,22.05
7218,2015-02-09 18:08:59,22.0
7219,2015-02-09 18:10:00,22.0
7220,2015-02-09 18:10:59,21.89
7221,2015-02-09 18:11:59,21.89
7222,2015-02-09 18:13:00,21.89
7223,2015-02-09 18:14:00,21.89
7224,2015-02-09 18:15:00,21.89
7225,2015-02-09 18:16:00,21.84
7226,2015-02-09 18:16:59,21.79
7227,2015-02-09 18:17:59,21.79
7228,2015-02-09 18:19:00,21.79
7229,2015-02-09 18:20:00,21.79
7230,2015-02-09 18:21:00,21.73
7231,2015-02-09 18:22:00,21.745
7232,2015-02-09 18:23:00,21.7
7233,2015-02-09 18:23:59,21.7
7234,2015-02-09 18:24:59,21.7
7235,2015-02-09 18:26:00,21.7
7236,2015-02-09 18:27:00,21.6333333333333
7237,2015-02-09 18:28:00,21.6
7238,2015-02-09 18:29:00,21.6
7239,2015-02-09 18:29:59,21.6
7240,2015-02-09 18:30:59,21.55
7241,2015-02-09 18:32:00,21.55
7242,2015-02-09 18:33:00,21.533333333333307
7243,2015-02-09 18:34:00,21.55
7244,2015-02-09 18:35:00,21.5
7245,2015-02-09 18:36:00,21.5
7246,2015-02-09 18:36:59,21.5
7247,2015-02-09 18:38:00,21.5
7248,2015-02-09 18:39:00,21.39
7249,2015-02-09 18:40:00,21.445
7250,2015-02-09 18:40:59,21.39
7251,2015-02-09 18:42:00,21.39
7252,2015-02-09 18:42:59,21.39
7253,2015-02-09 18:43:59,21.39
7254,2015-02-09 18:45:00,21.34
7255,2015-02-09 18:46:00,21.29
7256,2015-02-09 18:47:00,21.29
7257,2015-02-09 18:48:00,21.29
7258,2015-02-09 18:49:00,21.29
7259,2015-02-09 18:49:59,21.29
7260,2015-02-09 18:51:00,21.29
7261,2015-02-09 18:52:00,21.2
7262,2015-02-09 18:53:00,21.2
7263,2015-02-09 18:53:59,21.2
7264,2015-02-09 18:55:00,21.2
7265,2015-02-09 18:55:59,21.2
7266,2015-02-09 18:56:59,21.2
7267,2015-02-09 18:58:00,21.2
7268,2015-02-09 18:59:00,21.1
7269,2015-02-09 19:00:00,21.1
7270,2015-02-09 19:01:00,21.1
7271,2015-02-09 19:01:59,21.1
7272,2015-02-09 19:02:59,21.0
7273,2015-02-09 19:04:00,21.05
7274,2015-02-09 19:05:00,21.0
7275,2015-02-09 19:06:00,21.0
7276,2015-02-09 19:07:00,21.0
7277,2015-02-09 19:08:00,21.0
7278,2015-02-09 19:08:59,21.0
7279,2015-02-09 19:09:59,21.0
7280,2015-02-09 19:11:00,21.0
7281,2015-02-09 19:12:00,20.945
7282,2015-02-09 19:13:00,20.89
7283,2015-02-09 19:14:00,20.89
7284,2015-02-09 19:14:59,20.89
7285,2015-02-09 19:15:59,20.945
7286,2015-02-09 19:17:00,20.89
7287,2015-02-09 19:18:00,20.89
7288,2015-02-09 19:19:00,20.89
7289,2015-02-09 19:20:00,20.89
7290,2015-02-09 19:21:00,20.89
7291,2015-02-09 19:21:59,20.823333333333302
7292,2015-02-09 19:23:00,20.79
7293,2015-02-09 19:24:00,20.79
7294,2015-02-09 19:25:00,20.79
7295,2015-02-09 19:25:59,20.79
7296,2015-02-09 19:27:00,20.79
7297,2015-02-09 19:27:59,20.79
7298,2015-02-09 19:28:59,20.7
7299,2015-02-09 19:30:00,20.7
7300,2015-02-09 19:31:00,20.7
7301,2015-02-09 19:32:00,20.7
7302,2015-02-09 19:33:00,20.7
7303,2015-02-09 19:34:00,20.7
7304,2015-02-09 19:34:59,20.7
7305,2015-02-09 19:36:00,20.7
7306,2015-02-09 19:37:00,20.7
7307,2015-02-09 19:38:00,20.7
7308,2015-02-09 19:38:59,20.7
7309,2015-02-09 19:40:00,20.7
7310,2015-02-09 19:40:59,20.7
7311,2015-02-09 19:41:59,20.7675
7312,2015-02-09 19:43:00,20.73
7313,2015-02-09 19:44:00,20.7
7314,2015-02-09 19:45:00,20.7
7315,2015-02-09 19:46:00,20.7
7316,2015-02-09 19:46:59,20.7
7317,2015-02-09 19:47:59,20.7
7318,2015-02-09 19:49:00,20.7
7319,2015-02-09 19:50:00,20.7
7320,2015-02-09 19:51:00,20.6666666666667
7321,2015-02-09 19:52:00,20.7
7322,2015-02-09 19:53:00,20.7
7323,2015-02-09 19:53:59,20.7
7324,2015-02-09 19:54:59,20.6666666666667
7325,2015-02-09 19:56:00,20.6333333333333
7326,2015-02-09 19:57:00,20.6333333333333
7327,2015-02-09 19:58:00,20.6
7328,2015-02-09 19:59:00,20.6
7329,2015-02-09 19:59:59,20.6
7330,2015-02-09 20:00:59,20.6
7331,2015-02-09 20:02:00,20.6
7332,2015-02-09 20:03:00,20.6
7333,2015-02-09 20:04:00,20.6
7334,2015-02-09 20:05:00,20.6
7335,2015-02-09 20:06:00,20.6
7336,2015-02-09 20:06:59,20.5
7337,2015-02-09 20:08:00,20.6
7338,2015-02-09 20:09:00,20.6
7339,2015-02-09 20:10:00,20.5666666666667
7340,2015-02-09 20:10:59,20.55
7341,2015-02-09 20:12:00,20.55
7342,2015-02-09 20:12:59,20.5
7343,2015-02-09 20:13:59,20.5
7344,2015-02-09 20:15:00,20.5
7345,2015-02-09 20:16:00,20.5
7346,2015-02-09 20:17:00,20.5
7347,2015-02-09 20:18:00,20.5
7348,2015-02-09 20:19:00,20.5
7349,2015-02-09 20:19:59,20.5
7350,2015-02-09 20:21:00,20.5
7351,2015-02-09 20:22:00,20.5
7352,2015-02-09 20:23:00,20.5
7353,2015-02-09 20:23:59,20.5
7354,2015-02-09 20:25:00,20.5
7355,2015-02-09 20:25:59,20.5
7356,2015-02-09 20:26:59,20.525
7357,2015-02-09 20:28:00,20.5
7358,2015-02-09 20:29:00,20.5
7359,2015-02-09 20:30:00,20.5
7360,2015-02-09 20:31:00,20.5
7361,2015-02-09 20:31:59,20.5
7362,2015-02-09 20:32:59,20.5
7363,2015-02-09 20:34:00,20.5
7364,2015-02-09 20:35:00,20.5
7365,2015-02-09 20:36:00,20.5
7366,2015-02-09 20:37:00,20.5
7367,2015-02-09 20:38:00,20.55
7368,2015-02-09 20:38:59,20.5
7369,2015-02-09 20:39:59,20.5
7370,2015-02-09 20:41:00,20.55
7371,2015-02-09 20:42:00,20.5
7372,2015-02-09 20:43:00,20.5
7373,2015-02-09 20:44:00,20.5
7374,2015-02-09 20:44:59,20.5
7375,2015-02-09 20:45:59,20.5
7376,2015-02-09 20:47:00,20.5
7377,2015-02-09 20:48:00,20.5
7378,2015-02-09 20:49:00,20.5
7379,2015-02-09 20:50:00,20.55
7380,2015-02-09 20:51:00,20.5
7381,2015-02-09 20:51:59,20.5
7382,2015-02-09 20:53:00,20.5
7383,2015-02-09 20:54:00,20.5
7384,2015-02-09 20:55:00,20.5
7385,2015-02-09 20:55:59,20.5
7386,2015-02-09 20:57:00,20.5
7387,2015-02-09 20:57:59,20.5
7388,2015-02-09 20:58:59,20.5
7389,2015-02-09 21:00:00,20.5
7390,2015-02-09 21:01:00,20.5
7391,2015-02-09 21:02:00,20.5
7392,2015-02-09 21:03:00,20.5
7393,2015-02-09 21:04:00,20.5
7394,2015-02-09 21:04:59,20.5
7395,2015-02-09 21:06:00,20.5
7396,2015-02-09 21:07:00,20.5
7397,2015-02-09 21:08:00,20.5
7398,2015-02-09 21:08:59,20.5
7399,2015-02-09 21:10:00,20.5
7400,2015-02-09 21:10:59,20.5
7401,2015-02-09 21:11:59,20.5
7402,2015-02-09 21:13:00,20.5
7403,2015-02-09 21:14:00,20.5
7404,2015-02-09 21:15:00,20.5
7405,2015-02-09 21:16:00,20.5
7406,2015-02-09 21:16:59,20.5
7407,2015-02-09 21:17:59,20.5
7408,2015-02-09 21:19:00,20.5
7409,2015-02-09 21:20:00,20.5
7410,2015-02-09 21:21:00,20.5
7411,2015-02-09 21:22:00,20.5
7412,2015-02-09 21:23:00,20.5
7413,2015-02-09 21:23:59,20.5
7414,2015-02-09 21:24:59,20.5
7415,2015-02-09 21:26:00,20.5
7416,2015-02-09 21:27:00,20.5
7417,2015-02-09 21:28:00,20.5
7418,2015-02-09 21:29:00,20.5
7419,2015-02-09 21:29:59,20.5
7420,2015-02-09 21:30:59,20.5
7421,2015-02-09 21:32:00,20.5
7422,2015-02-09 21:33:00,20.5
7423,2015-02-09 21:34:00,20.5
7424,2015-02-09 21:35:00,20.5
7425,2015-02-09 21:36:00,20.5
7426,2015-02-09 21:36:59,20.5
7427,2015-02-09 21:38:00,20.5
7428,2015-02-09 21:39:00,20.5
7429,2015-02-09 21:40:00,20.5
7430,2015-02-09 21:40:59,20.5
7431,2015-02-09 21:42:00,20.5
7432,2015-02-09 21:42:59,20.5
7433,2015-02-09 21:43:59,20.5
7434,2015-02-09 21:45:00,20.5
7435,2015-02-09 21:46:00,20.5
7436,2015-02-09 21:47:00,20.5
7437,2015-02-09 21:48:00,20.5
7438,2015-02-09 21:49:00,20.5
7439,2015-02-09 21:49:59,20.463333333333303
7440,2015-02-09 21:51:00,20.5
7441,2015-02-09 21:52:00,20.5
7442,2015-02-09 21:53:00,20.5
7443,2015-02-09 21:53:59,20.5
7444,2015-02-09 21:55:00,20.5
7445,2015-02-09 21:55:59,20.5
7446,2015-02-09 21:56:59,20.5
7447,2015-02-09 21:58:00,20.5
7448,2015-02-09 21:59:00,20.5
7449,2015-02-09 22:00:00,20.5
7450,2015-02-09 22:01:00,20.5
7451,2015-02-09 22:01:59,20.5
7452,2015-02-09 22:02:59,20.463333333333303
7453,2015-02-09 22:04:00,20.5
7454,2015-02-09 22:05:00,20.5
7455,2015-02-09 22:06:00,20.5
7456,2015-02-09 22:07:00,20.5
7457,2015-02-09 22:08:00,20.5
7458,2015-02-09 22:08:59,20.5
7459,2015-02-09 22:09:59,20.445
7460,2015-02-09 22:11:00,20.5
7461,2015-02-09 22:12:00,20.5
7462,2015-02-09 22:13:00,20.5
7463,2015-02-09 22:14:00,20.5
7464,2015-02-09 22:14:59,20.5
7465,2015-02-09 22:15:59,20.445
7466,2015-02-09 22:17:00,20.5
7467,2015-02-09 22:18:00,20.5
7468,2015-02-09 22:19:00,20.5
7469,2015-02-09 22:20:00,20.5
7470,2015-02-09 22:21:00,20.445
7471,2015-02-09 22:21:59,20.445
7472,2015-02-09 22:23:00,20.445
7473,2015-02-09 22:24:00,20.445
7474,2015-02-09 22:25:00,20.445
7475,2015-02-09 22:25:59,20.5
7476,2015-02-09 22:27:00,20.5
7477,2015-02-09 22:27:59,20.5
7478,2015-02-09 22:28:59,20.5
7479,2015-02-09 22:30:00,20.5
7480,2015-02-09 22:31:00,20.5
7481,2015-02-09 22:32:00,20.5
7482,2015-02-09 22:33:00,20.5
7483,2015-02-09 22:34:00,20.5
7484,2015-02-09 22:34:59,20.445
7485,2015-02-09 22:36:00,20.39
7486,2015-02-09 22:37:00,20.5
7487,2015-02-09 22:38:00,20.5
7488,2015-02-09 22:38:59,20.5
7489,2015-02-09 22:40:00,20.5
7490,2015-02-09 22:40:59,20.5
7491,2015-02-09 22:41:59,20.5
7492,2015-02-09 22:43:00,20.5
7493,2015-02-09 22:44:00,20.5
7494,2015-02-09 22:45:00,20.426666666666698
7495,2015-02-09 22:46:00,20.39
7496,2015-02-09 22:46:59,20.5
7497,2015-02-09 22:47:59,20.445
7498,2015-02-09 22:49:00,20.5
7499,2015-02-09 22:50:00,20.5
7500,2015-02-09 22:51:00,20.5
7501,2015-02-09 22:52:00,20.39
7502,2015-02-09 22:53:00,20.5
7503,2015-02-09 22:53:59,20.445
7504,2015-02-09 22:54:59,20.445
7505,2015-02-09 22:56:00,20.426666666666698
7506,2015-02-09 22:57:00,20.5
7507,2015-02-09 22:58:00,20.5
7508,2015-02-09 22:59:00,20.39
7509,2015-02-09 22:59:59,20.39
7510,2015-02-09 23:00:59,20.5
7511,2015-02-09 23:02:00,20.445
7512,2015-02-09 23:03:00,20.445
7513,2015-02-09 23:04:00,20.445
7514,2015-02-09 23:05:00,20.39
7515,2015-02-09 23:06:00,20.39
7516,2015-02-09 23:06:59,20.5
7517,2015-02-09 23:08:00,20.39
7518,2015-02-09 23:09:00,20.39
7519,2015-02-09 23:10:00,20.445
7520,2015-02-09 23:10:59,20.39
7521,2015-02-09 23:12:00,20.39
7522,2015-02-09 23:12:59,20.39
7523,2015-02-09 23:13:59,20.39
7524,2015-02-09 23:15:00,20.39
7525,2015-02-09 23:16:00,20.39
7526,2015-02-09 23:17:00,20.39
7527,2015-02-09 23:18:00,20.39
7528,2015-02-09 23:19:00,20.39
7529,2015-02-09 23:19:59,20.39
7530,2015-02-09 23:21:00,20.39
7531,2015-02-09 23:22:00,20.39
7532,2015-02-09 23:23:00,20.39
7533,2015-02-09 23:23:59,20.39
7534,2015-02-09 23:25:00,20.39
7535,2015-02-09 23:25:59,20.39
7536,2015-02-09 23:26:59,20.39
7537,2015-02-09 23:28:00,20.39
7538,2015-02-09 23:29:00,20.39
7539,2015-02-09 23:30:00,20.39
7540,2015-02-09 23:31:00,20.39
7541,2015-02-09 23:31:59,20.39
7542,2015-02-09 23:32:59,20.39
7543,2015-02-09 23:34:00,20.39
7544,2015-02-09 23:35:00,20.39
7545,2015-02-09 23:36:00,20.39
7546,2015-02-09 23:37:00,20.39
7547,2015-02-09 23:38:00,20.39
7548,2015-02-09 23:38:59,20.39
7549,2015-02-09 23:39:59,20.39
7550,2015-02-09 23:41:00,20.39
7551,2015-02-09 23:42:00,20.39
7552,2015-02-09 23:43:00,20.39
7553,2015-02-09 23:44:00,20.39
7554,2015-02-09 23:44:59,20.39
7555,2015-02-09 23:45:59,20.39
7556,2015-02-09 23:47:00,20.39
7557,2015-02-09 23:48:00,20.39
7558,2015-02-09 23:49:00,20.39
7559,2015-02-09 23:50:00,20.39
7560,2015-02-09 23:51:00,20.39
7561,2015-02-09 23:51:59,20.39
7562,2015-02-09 23:53:00,20.39
7563,2015-02-09 23:54:00,20.39
7564,2015-02-09 23:55:00,20.39
7565,2015-02-09 23:55:59,20.39
7566,2015-02-09 23:57:00,20.39
7567,2015-02-09 23:57:59,20.39
7568,2015-02-09 23:58:59,20.39
